-- Database Schema Cleanup Backup
-- Generated: 2025-10-23T18:10:26.610Z
-- Purpose: Full backup before schema consolidation



-- Table: entities (25 rows)
INSERT INTO entities VALUES
('bc0ff8f9-bb16-44e7-93a2-ec998743d0d0', 'mikvah', 'Community Mikvah Center', 'Modern mikvah facility serving the entire community', 'The Community Mikvah Center provides a clean, comfortable, and dignified environment for mikvah use. Our facility features modern amenities while maintaining traditional standards of kashrut.', '0efa0478-eb3c-4588-8f47-b886a4b30472', '852 Birch St', 'Brooklyn', 'NY', '11219', 'USA', '(718) 555-0301', 'info@communitymikvah.org', 'https://communitymikvah.org', NULL, NULL, NULL, NULL, NULL, NULL, NULL, NULL, '40.63420000', '-73.99690000', '0.00', 0, false, true, NULL, NULL, NULL, NULL, NULL, NULL, NULL, '"2025-10-12T18:52:59.295Z"', '"2025-10-21T07:53:37.677Z"', 0, 0, 0, 'approved', '0101000020E61000007958A835CD7F52C0C58F31772D514440'),
('20d5f929-59de-4f6f-ad57-1480e64d84d4', 'mikvah', 'Chabad Mikvah', 'Chabad-operated mikvah with warm, welcoming atmosphere', 'Our Chabad mikvah offers a serene and spiritual environment for this sacred mitzvah. We provide all necessary amenities and maintain the highest standards of cleanliness and kashrut.', '1154d40b-605a-412a-b311-b5a355b47bcc', '963 Spruce Ave', 'Queens', 'NY', '11375', 'USA', '(718) 555-0302', 'mikvah@chabadcenter.org', 'https://chabadcenter.org/mikvah', NULL, NULL, NULL, NULL, NULL, NULL, NULL, NULL, '40.72820000', '-73.79490000', '0.00', 0, false, true, NULL, NULL, NULL, NULL, NULL, NULL, NULL, '"2025-10-12T18:52:59.295Z"', '"2025-10-21T07:53:37.677Z"', 0, 0, 0, 'approved', '0101000020E6100000C9E53FA4DF7252C03E7958A8355D4440'),
('ce9c65a3-5934-46d5-8d8d-7c2a7d67fc44', 'mikvah', 'Temple Mikvah', 'Temple-affiliated mikvah open to all community members', 'The Temple Mikvah welcomes all members of the Jewish community. Our facility is designed to provide comfort, privacy, and spiritual fulfillment in accordance with halachic requirements.', '98797739-966d-4d91-847a-a602d6000ec8', '147 Walnut Ln', 'Manhattan', 'NY', '10025', 'USA', '(212) 555-0303', 'mikvah@templeemanuel.org', 'https://templeemanuel.org/mikvah', NULL, NULL, NULL, NULL, NULL, NULL, NULL, NULL, '40.78310000', '-73.97120000', '0.00', 0, false, true, NULL, NULL, NULL, NULL, NULL, NULL, NULL, '"2025-10-12T18:52:59.295Z"', '"2025-10-21T07:53:37.677Z"', 0, 0, 0, 'approved', '0101000020E610000003780B24287E52C0B1BFEC9E3C644440'),
('c4f0d122-c959-4d1b-8d0d-831949b5a94d', 'mikvah', 'Sephardic Mikvah', 'Traditional Sephardic mikvah preserving ancient customs', 'Our Sephardic mikvah maintains traditional customs and practices while providing modern amenities. We serve the Sephardic community and welcome all who wish to observe this important mitzvah.', '98797739-966d-4d91-847a-a602d6000ec8', '258 Ash St', 'Brooklyn', 'NY', '11204', 'USA', '(718) 555-0304', 'mikvah@sephardiccenter.org', 'https://sephardiccenter.org/mikvah', NULL, NULL, NULL, NULL, NULL, NULL, NULL, NULL, '40.62150000', '-73.95950000', '0.00', 0, false, true, NULL, NULL, NULL, NULL, NULL, NULL, NULL, '"2025-10-12T18:52:59.295Z"', '"2025-10-21T07:53:37.677Z"', 0, 0, 0, 'approved', '0101000020E6100000C520B072687D52C0643BDF4F8D4F4440'),
('8516d2f2-6937-42e7-95fa-9b79b320b9a5', 'synagogue', 'Congregation Beth Israel', 'Modern Orthodox synagogue serving the local community', 'Congregation Beth Israel is a vibrant Modern Orthodox community committed to Torah learning, prayer, and acts of kindness. We welcome families and individuals of all backgrounds.', '1154d40b-605a-412a-b311-b5a355b47bcc', '987 Elm St', 'Brooklyn', 'NY', '11230', 'USA', '(718) 555-0201', 'info@bethisrael.org', 'https://bethisrael.org', 'https://facebook.com/bethisrael', NULL, NULL, NULL, NULL, NULL, NULL, NULL, '40.62930000', '-73.96130000', '4.50', 4, false, true, NULL, NULL, NULL, NULL, 'orthodox', NULL, '["Daily Minyan","Shabbat Services","Youth Programs","Adult Education","Community Events"]', '"2025-10-12T18:52:59.223Z"', '"2025-10-21T07:53:37.677Z"', 0, 0, 0, 'approved', '0101000020E610000044696FF0857D52C0B8AF03E78C504440'),
('b2c2cd90-7d22-40bf-9ada-3becf7b42bd4', 'restaurant', 'Kosher Delight', 'Authentic kosher deli serving traditional Jewish cuisine', 'Kosher Delight has been serving the Jewish community for over 30 years. We specialize in traditional deli sandwiches, fresh soups, and homemade desserts. All our meat is glatt kosher and our dairy products are chalav yisrael.', 'd559e489-ab47-466b-96a9-32564890fc52', '123 Main St', 'Brooklyn', 'NY', '11201', 'USA', '(718) 555-0101', 'info@kosherdeli.com', 'https://kosherdeli.com', NULL, NULL, NULL, NULL, NULL, NULL, NULL, NULL, '40.67820000', '-73.94420000', '4.67', 6, false, true, 'meat', 'OU', 'OU-D-12345', '"2025-12-31T05:00:00.000Z"', NULL, NULL, NULL, '"2025-10-12T18:52:59.120Z"', '"2025-10-22T20:24:06.099Z"', 0, 0, 0, 'approved', '0101000020E61000008638D6C56D7C52C0D712F241CF564440'),
('37f8d29a-fc10-44fe-97c4-3087b2d0aa9c', 'store', 'Kosher World Market', 'Full-service kosher grocery store with fresh produce and prepared foods', 'Kosher World Market is your one-stop shop for all kosher needs. We carry a wide selection of fresh produce, meats, dairy products, packaged goods, and prepared foods from around the world.', '98797739-966d-4d91-847a-a602d6000ec8', '159 Main St', 'Brooklyn', 'NY', '11201', 'USA', '(718) 555-0401', 'info@kosherworld.com', 'https://kosherworld.com', NULL, NULL, NULL, NULL, NULL, NULL, NULL, NULL, '40.67820000', '-73.94420000', '4.50', 4, false, true, 'meat', 'OU', 'OU-K-12349', '"2025-12-31T05:00:00.000Z"', NULL, 'grocery', NULL, '"2025-10-12T18:52:59.383Z"', '"2025-10-22T20:24:06.099Z"', 0, 0, 0, 'approved', '0101000020E61000008638D6C56D7C52C0D712F241CF564440'),
('5444ae8c-b7bc-4dd2-b2fb-da5a42c70299', 'restaurant', 'Jerusalem Grill', 'Mediterranean kosher cuisine with Israeli specialties', 'Experience authentic Israeli cuisine in the heart of the city. Our chef brings traditional recipes from Jerusalem, featuring fresh hummus, falafel, shawarma, and grilled meats.', '98797739-966d-4d91-847a-a602d6000ec8', '456 Oak Ave', 'Manhattan', 'NY', '10001', 'USA', '(212) 555-0102', 'info@jerusalemgrill.com', 'https://jerusalemgrill.com', NULL, NULL, NULL, NULL, NULL, NULL, NULL, NULL, '40.75050000', '-73.99340000', '4.50', 6, false, true, 'meat', 'OU', 'OU-D-12346', '"2025-11-30T05:00:00.000Z"', NULL, NULL, NULL, '"2025-10-12T18:52:59.120Z"', '"2025-10-22T20:24:06.099Z"', 0, 0, 0, 'approved', '0101000020E61000002BF697DD937F52C0F2D24D6210604440'),
('49ac1edb-c775-4ee9-afa0-a534e17c2473', 'store', 'Glatt Kosher Butcher', 'Premium kosher butcher shop with fresh meats and poultry', 'For over 40 years, we have been providing the community with the finest kosher meats and poultry. All our products are glatt kosher and sourced from the most reputable suppliers.', '98797739-966d-4d91-847a-a602d6000ec8', '357 Oak Ave', 'Manhattan', 'NY', '10001', 'USA', '(212) 555-0402', 'info@glattbutcher.com', 'https://glattbutcher.com', NULL, NULL, NULL, NULL, NULL, NULL, NULL, NULL, '40.75050000', '-73.99340000', '4.50', 4, false, true, 'meat', 'OU', 'OU-M-12350', '"2025-11-30T05:00:00.000Z"', NULL, 'butcher', NULL, '"2025-10-12T18:52:59.383Z"', '"2025-10-22T20:24:06.099Z"', 0, 0, 0, 'approved', '0101000020E61000002BF697DD937F52C0F2D24D6210604440'),
('007b3c42-faa2-4e9b-b83e-dd186e7abcd2', 'synagogue', 'Temple Emanuel', 'Conservative synagogue with rich history and active community', 'Temple Emanuel has been a cornerstone of the Jewish community for over 75 years. We offer traditional and egalitarian services, comprehensive educational programs, and social action initiatives.', '98797739-966d-4d91-847a-a602d6000ec8', '147 Oak St', 'Manhattan', 'NY', '10023', 'USA', '(212) 555-0202', 'office@templeemanuel.org', 'https://templeemanuel.org', 'https://facebook.com/templeemanuel', NULL, NULL, NULL, NULL, NULL, NULL, NULL, '40.78310000', '-73.97120000', '4.50', 4, false, true, NULL, NULL, NULL, NULL, 'conservative', NULL, '["Shabbat Services","High Holiday Services","Hebrew School","Adult Education","Social Action","Youth Groups"]', '"2025-10-12T18:52:59.223Z"', '"2025-10-21T07:53:37.677Z"', 0, 0, 0, 'approved', '0101000020E610000003780B24287E52C0B1BFEC9E3C644440'),
('d3113221-7a3e-4da7-8b3b-b15ebede4f02', 'synagogue', 'Chabad Lubavitch', 'Chabad center offering services and community programs', 'Our Chabad center provides a warm, welcoming environment for Jews of all backgrounds. We offer daily minyanim, Shabbat services, educational programs, and community events.', '1154d40b-605a-412a-b311-b5a355b47bcc', '258 Pine Ave', 'Queens', 'NY', '11367', 'USA', '(718) 555-0203', 'info@chabadcenter.org', 'https://chabadcenter.org', 'https://facebook.com/chabadcenter', NULL, NULL, NULL, NULL, NULL, NULL, NULL, '40.72820000', '-73.79490000', '4.50', 4, false, true, NULL, NULL, NULL, NULL, 'chabad', NULL, '["Daily Minyan","Shabbat Services","Holiday Programs","Children''s Programs","Adult Classes","Community Outreach"]', '"2025-10-12T18:52:59.223Z"', '"2025-10-21T07:53:37.677Z"', 0, 0, 0, 'approved', '0101000020E6100000C9E53FA4DF7252C03E7958A8355D4440'),
('f1cfc63f-7b4d-4d08-8270-5d44c02664d6', 'restaurant', 'Chabad House Cafe', 'Cozy cafe with kosher breakfast and lunch options', 'A warm, welcoming space for the community to gather over delicious kosher food. We serve fresh pastries, coffee, sandwiches, and light meals in a comfortable setting.', '1154d40b-605a-412a-b311-b5a355b47bcc', '789 Pine St', 'Queens', 'NY', '11375', 'USA', '(718) 555-0103', 'cafe@chabadhouse.org', 'https://chabadhouse.org/cafe', NULL, NULL, NULL, NULL, NULL, NULL, NULL, NULL, '40.72820000', '-73.79490000', '4.60', 5, false, true, 'dairy', 'Chabad', 'CHABAD-C-001', '"2025-10-15T04:00:00.000Z"', NULL, NULL, NULL, '"2025-10-12T18:52:59.120Z"', '"2025-10-22T20:24:06.099Z"', 0, 0, 0, 'approved', '0101000020E6100000C9E53FA4DF7252C03E7958A8355D4440'),
('d9eeb05c-88a7-48d7-840d-f6651b843b62', 'restaurant', 'Mazel Tov Bakery', 'Artisanal kosher bakery with fresh breads and pastries', 'Traditional Jewish bakery using time-honored recipes passed down through generations. We bake fresh challah, bagels, rugelach, and custom cakes daily.', '98797739-966d-4d91-847a-a602d6000ec8', '321 Maple Dr', 'Brooklyn', 'NY', '11204', 'USA', '(718) 555-0104', 'orders@mazeltovbakery.com', 'https://mazeltovbakery.com', NULL, NULL, NULL, NULL, NULL, NULL, NULL, NULL, '40.62150000', '-73.95950000', '4.60', 5, false, true, 'parve', 'OU', 'OU-P-12347', '"2025-09-30T04:00:00.000Z"', NULL, NULL, NULL, '"2025-10-12T18:52:59.120Z"', '"2025-10-22T20:24:06.099Z"', 0, 0, 0, 'approved', '0101000020E6100000C520B072687D52C0643BDF4F8D4F4440'),
('758d1a76-089a-4a84-a244-3251f8d29efa', 'restaurant', 'Sephardic Kitchen', 'Traditional Sephardic cuisine with Moroccan and Turkish influences', 'Discover the rich flavors of Sephardic Jewish cuisine. Our menu features traditional dishes from Morocco, Turkey, and Spain, all prepared according to kosher standards.', '98797739-966d-4d91-847a-a602d6000ec8', '654 Cedar Ln', 'Brooklyn', 'NY', '11218', 'USA', '(718) 555-0105', 'info@sephardickitchen.com', 'https://sephardickitchen.com', NULL, NULL, NULL, NULL, NULL, NULL, NULL, NULL, '40.64030000', '-73.97680000', '4.60', 5, false, true, 'meat', 'OU', 'OU-D-12348', '"2025-08-31T04:00:00.000Z"', NULL, NULL, NULL, '"2025-10-12T18:52:59.120Z"', '"2025-10-22T20:24:06.099Z"', 0, 0, 0, 'approved', '0101000020E6100000E6AE25E4837E52C07DD0B359F5514440'),
('53cb0d46-b065-4095-b012-649de1e9f06c', 'synagogue', 'Reform Temple Sinai', 'Progressive Reform synagogue with inclusive community', 'Temple Sinai is a welcoming Reform congregation committed to social justice, spiritual growth, and Jewish learning. We embrace diversity and promote interfaith understanding.', '98797739-966d-4d91-847a-a602d6000ec8', '369 Maple Blvd', 'Brooklyn', 'NY', '11215', 'USA', '(718) 555-0204', 'info@templesinai.org', 'https://templesinai.org', 'https://facebook.com/templesinai', NULL, NULL, NULL, NULL, NULL, NULL, NULL, '40.66020000', '-73.96900000', '4.50', 4, false, true, NULL, NULL, NULL, NULL, 'reform', NULL, '["Friday Night Services","Saturday Morning Services","Religious School","Adult Education","Social Justice","Community Outreach"]', '"2025-10-12T18:52:59.223Z"', '"2025-10-21T07:53:37.677Z"', 0, 0, 0, 'approved', '0101000020E6100000BC749318047E52C0DC68006F81544440'),
('0c764f26-0d27-4e32-b512-708af6c62af3', 'synagogue', 'Sephardic Center', 'Sephardic Orthodox synagogue preserving Sephardic traditions', 'The Sephardic Center is dedicated to preserving and promoting Sephardic Jewish traditions, customs, and culture. We offer traditional Sephardic prayer services and cultural programs.', '98797739-966d-4d91-847a-a602d6000ec8', '741 Cedar Dr', 'Brooklyn', 'NY', '11204', 'USA', '(718) 555-0205', 'info@sephardiccenter.org', 'https://sephardiccenter.org', 'https://facebook.com/sephardiccenter', NULL, NULL, NULL, NULL, NULL, NULL, NULL, '40.62150000', '-73.95950000', '4.50', 4, false, true, NULL, NULL, NULL, NULL, 'sephardic', NULL, '["Daily Minyan","Shabbat Services","Sephardic Customs","Cultural Programs","Youth Education","Community Events"]', '"2025-10-12T18:52:59.223Z"', '"2025-10-21T07:53:37.677Z"', 0, 0, 0, 'approved', '0101000020E6100000C520B072687D52C0643BDF4F8D4F4440'),
('dbf12fc7-851d-4ccc-b35e-e47dfa992f9e', 'store', 'Gourmet Kosher Deli', 'Upscale deli counter with prepared foods and catering', 'Our gourmet deli offers an extensive selection of prepared foods, sandwiches, salads, and catering options. Perfect for busy families and special occasions.', '98797739-966d-4d91-847a-a602d6000ec8', '579 Maple Dr', 'Brooklyn', 'NY', '11204', 'USA', '(718) 555-0404', 'catering@gourmetkosher.com', 'https://gourmetkosher.com', NULL, NULL, NULL, NULL, NULL, NULL, NULL, NULL, '40.62150000', '-73.95950000', '4.50', 4, false, true, 'meat', 'OU', 'OU-D-12352', '"2025-09-30T04:00:00.000Z"', NULL, 'deli', NULL, '"2025-10-12T18:52:59.383Z"', '"2025-10-22T20:24:06.099Z"', 0, 0, 0, 'approved', '0101000020E6100000C520B072687D52C0643BDF4F8D4F4440'),
('d97ab1ba-55a4-4b81-9e33-908c5f369615', 'store', 'Challah Corner Bakery', 'Specialty kosher bakery focusing on traditional breads', 'Challah Corner specializes in traditional Jewish breads and pastries. We bake fresh challah, bagels, and other traditional items daily using time-honored recipes and the finest ingredients.', '98797739-966d-4d91-847a-a602d6000ec8', '468 Pine St', 'Queens', 'NY', '11375', 'USA', '(718) 555-0403', 'orders@challahcorner.com', 'https://challahcorner.com', NULL, NULL, NULL, NULL, NULL, NULL, NULL, NULL, '40.72820000', '-73.79490000', '4.50', 4, false, true, 'parve', 'OU', 'OU-P-12351', '"2025-10-15T04:00:00.000Z"', NULL, 'bakery', NULL, '"2025-10-12T18:52:59.383Z"', '"2025-10-22T20:24:06.099Z"', 0, 0, 0, 'approved', '0101000020E6100000C9E53FA4DF7252C03E7958A8355D4440'),
('2ed36851-bb67-4af0-b909-25976110fe3c', 'store', 'Sephardic Specialty Market', 'Specialty market featuring Sephardic and Mediterranean products', 'We specialize in Sephardic and Mediterranean kosher products that are hard to find elsewhere. From imported spices to traditional foods, we bring the flavors of the Sephardic world to your table.', '98797739-966d-4d91-847a-a602d6000ec8', '680 Cedar Ln', 'Brooklyn', 'NY', '11218', 'USA', '(718) 555-0405', 'info@sephardicspecialty.com', 'https://sephardicspecialty.com', NULL, NULL, NULL, NULL, NULL, NULL, NULL, NULL, '40.64030000', '-73.97680000', '4.50', 4, false, true, 'meat', 'OU', 'OU-K-12353', '"2025-08-31T04:00:00.000Z"', NULL, 'specialty', NULL, '"2025-10-12T18:52:59.383Z"', '"2025-10-22T20:24:06.099Z"', 0, 0, 0, 'approved', '0101000020E6100000E6AE25E4837E52C07DD0B359F5514440'),
('00739e2d-e981-4388-bf31-7ccfbcfac9de', 'restaurant', 'Dolci peccati gelato', 'Kosher dairy ice cream shop featuring restaurant frozen treats and desserts in miami.', 'Kosher dairy ice cream shop featuring restaurant frozen treats and desserts in miami.', NULL, '274 NE 59th Street', 'Miami', 'FL', '33137', 'US', '954-632-8551', NULL, NULL, NULL, NULL, NULL, NULL, NULL, NULL, NULL, NULL, '25.82959400', '-80.19043300', '0.00', 19, true, true, 'dairy', 'ORB', NULL, NULL, NULL, NULL, NULL, '"2025-10-10T02:05:21.570Z"', '"2025-10-10T02:05:21.570Z"', 0, 0, 0, 'approved', NULL),
('01292e7d-c717-4cab-bb96-3753e830d485', 'restaurant', 'Dan the baking man', 'Kosher pareve restaurant offering bakery dishes and vegetarian-friendly options in aventura.', 'Kosher pareve restaurant offering bakery dishes and vegetarian-friendly options in aventura.', NULL, '7350 NE 2nd Ave #102', 'Aventura', 'FL', '33009', 'US', '(305) 936-1440', NULL, 'https://www.lerendezvousaventura.com/', NULL, NULL, NULL, NULL, NULL, NULL, NULL, NULL, '25.98595600', '-80.14681100', '0.00', 24, true, true, 'parve', 'ORB', NULL, NULL, NULL, NULL, NULL, '"2025-10-10T02:05:21.570Z"', '"2025-10-10T02:05:21.570Z"', 0, 0, 0, 'approved', NULL),
('0144096b-b91e-4c92-9a8b-1e159fabe13e', 'restaurant', 'Smash house burgers boca', 'Kosher meat restaurant specializing in restaurant cuisine and grilled dishes in boca raton.', 'Kosher meat restaurant specializing in restaurant cuisine and grilled dishes in boca raton.', NULL, '21065 Powerline Rd, Suite C15', 'Boca raton', 'FL', '33433', 'US', '(561) 367-3401', NULL, 'http://www.smashhouseburgers.com/', NULL, NULL, NULL, NULL, NULL, NULL, NULL, NULL, '26.36212200', '-80.15301800', '0.00', 15, true, true, 'meat', 'ORB', NULL, NULL, NULL, NULL, NULL, '"2025-10-10T02:05:21.570Z"', '"2025-10-10T02:05:21.570Z"', 0, 0, 0, 'approved', NULL),
('0173f84e-bfb3-425e-a42e-fe0188e82c06', 'restaurant', 'Pita xpress', 'Kosher meat restaurant specializing in restaurant cuisine and grilled dishes in dania beach.', 'Kosher meat restaurant specializing in restaurant cuisine and grilled dishes in dania beach.', NULL, '2445 Stirling Rd', 'Dania beach', 'FL', '33312', 'US', '(954) 251-1799', NULL, 'https://www.pitaxpress.getsauce.com/', NULL, NULL, NULL, NULL, NULL, NULL, NULL, NULL, '26.04804800', '-80.17343100', '0.00', 25, true, true, 'meat', 'ORB', NULL, NULL, NULL, NULL, NULL, '"2025-10-10T02:05:21.570Z"', '"2025-10-10T02:05:21.570Z"', 0, 0, 0, 'approved', NULL),
('023d9bad-f262-474e-9534-9f5e5adfc239', 'restaurant', 'Bambu pan asian kitchen', 'Kosher meat restaurant specializing in restaurant cuisine and grilled dishes in north miami beach.', 'Kosher meat restaurant specializing in restaurant cuisine and grilled dishes in north miami beach.', NULL, '3427 NE 163rd Street', 'North miami beach', 'FL', '33160', 'US', '(786) 384-5177', NULL, 'https://bambukosher.com/locations', NULL, NULL, NULL, NULL, NULL, NULL, NULL, NULL, '25.92904900', '-80.13615700', '0.00', 19, true, true, 'meat', 'ORB', NULL, NULL, NULL, NULL, NULL, '"2025-10-10T02:05:21.570Z"', '"2025-10-10T02:05:21.570Z"', 0, 0, 0, 'approved', NULL),
('0310494c-35bf-4026-b1e5-f5424dd6fecd', 'restaurant', 'Rave pizza & sushi', 'Kosher dairy pizzeria serving authentic restaurant pizza and italian dishes in boca raton.', 'Kosher dairy pizzeria serving authentic restaurant pizza and italian dishes in boca raton.', NULL, '7300 West Camino Real', 'Boca raton', 'FL', '33433', 'US', '(561) 408-7283', NULL, 'http://www.raveboca.com/', NULL, NULL, NULL, NULL, NULL, NULL, NULL, NULL, '26.34356200', '-80.15515000', '0.00', 10, true, true, 'dairy', 'ORB', NULL, NULL, NULL, NULL, NULL, '"2025-10-10T02:05:21.570Z"', '"2025-10-10T02:05:21.570Z"', 0, 0, 0, 'approved', NULL);

-- Table: eatery_fields (11 rows)
INSERT INTO eatery_fields VALUES
('da31ef05-8786-495f-af5b-f1bd53b809e1', 'b2c2cd90-7d22-40bf-9ada-3becf7b42bd4', NULL, NULL, NULL, '$90-$100', '[]', NULL, false, NULL, NULL, '"2025-10-23T00:34:57.923Z"', '"2025-10-23T00:53:42.005Z"', '90.00', '100.00'),
('99c522fb-6bfa-4dd2-a6fe-0216b6fbda4e', '758d1a76-089a-4a84-a244-3251f8d29efa', NULL, NULL, NULL, '$40-$50', '[]', NULL, false, NULL, NULL, '"2025-10-23T00:34:57.923Z"', '"2025-10-23T00:53:42.005Z"', '40.00', '50.00'),
('a1734a88-5472-43c3-b563-d02de5e8f6b2', '023d9bad-f262-474e-9534-9f5e5adfc239', NULL, NULL, NULL, '$5-$10', '[]', NULL, false, NULL, NULL, '"2025-10-23T00:34:57.923Z"', '"2025-10-23T00:53:42.005Z"', '5.00', '10.00'),
('1c882bc8-e226-4803-9476-99c32b1eecf2', '0144096b-b91e-4c92-9a8b-1e159fabe13e', NULL, NULL, NULL, '$50-$60', '[]', NULL, false, NULL, NULL, '"2025-10-23T00:34:57.923Z"', '"2025-10-23T00:53:42.005Z"', '50.00', '60.00'),
('5baf40e7-b917-4696-9afd-5120ef51190e', '0310494c-35bf-4026-b1e5-f5424dd6fecd', NULL, NULL, NULL, '$5-$10', '[]', NULL, false, NULL, NULL, '"2025-10-23T00:34:57.923Z"', '"2025-10-23T00:53:42.005Z"', '5.00', '10.00'),
('4b32b77b-70c8-4645-870d-8f5e2b82ce48', 'd9eeb05c-88a7-48d7-840d-f6651b843b62', NULL, NULL, NULL, '$60-$70', '[]', NULL, false, NULL, NULL, '"2025-10-23T00:34:57.923Z"', '"2025-10-23T00:53:42.005Z"', '60.00', '70.00'),
('7725f09d-6ac2-4544-b592-18aaa0162253', 'f1cfc63f-7b4d-4d08-8270-5d44c02664d6', NULL, NULL, NULL, '$70-$80', '[]', NULL, false, NULL, NULL, '"2025-10-23T00:34:57.923Z"', '"2025-10-23T00:53:42.005Z"', '70.00', '80.00'),
('bdb28429-d0f3-4cd2-a030-894397b2e8ce', '5444ae8c-b7bc-4dd2-b2fb-da5a42c70299', NULL, NULL, NULL, '$20-$30', '[]', NULL, false, NULL, NULL, '"2025-10-23T00:34:57.923Z"', '"2025-10-23T00:53:42.005Z"', '20.00', '30.00'),
('d877e55b-69a6-4ee7-bc70-6760ba28f9cb', '00739e2d-e981-4388-bf31-7ccfbcfac9de', NULL, NULL, NULL, '$50-$60', '[]', NULL, false, NULL, NULL, '"2025-10-23T00:34:57.923Z"', '"2025-10-23T00:53:42.005Z"', '50.00', '60.00'),
('14f03dac-a898-4769-8db8-4e8e6afff5ab', '01292e7d-c717-4cab-bb96-3753e830d485', NULL, NULL, NULL, '$30-$40', '[]', NULL, false, NULL, NULL, '"2025-10-23T00:34:57.923Z"', '"2025-10-23T00:53:42.005Z"', '30.00', '40.00'),
('7dc1443d-4861-47fa-b1c8-2c8fbd76f078', '0173f84e-bfb3-425e-a42e-fe0188e82c06', NULL, NULL, NULL, '$10-$20', '[]', NULL, false, NULL, NULL, '"2025-10-23T00:34:57.923Z"', '"2025-10-23T00:53:42.005Z"', '10.00', '20.00');

-- Table: restaurants_normalized (11 rows)
INSERT INTO restaurants_normalized VALUES
('b2c2cd90-7d22-40bf-9ada-3becf7b42bd4', 'meat', 'OU', NULL, NULL, 'General', '$30-40', true, true, false, true, true, false, '{}', '30.00', '40.00'),
('758d1a76-089a-4a84-a244-3251f8d29efa', 'meat', 'OU', NULL, NULL, 'General', '$60-70', true, true, false, true, true, false, '{}', '60.00', '70.00'),
('00739e2d-e981-4388-bf31-7ccfbcfac9de', 'dairy', 'ORB', NULL, NULL, 'Ice Cream', '$40-50', true, true, false, true, true, false, '{"friday":{"open":"10:00","close":"15:00","closed":false},"monday":{"open":"10:00","close":"22:00","closed":false},"sunday":{"open":"10:00","close":"22:00","closed":false},"tuesday":{"open":"10:00","close":"22:00","closed":false},"saturday":{"open":"20:00","close":"23:00","closed":false},"thursday":{"open":"10:00","close":"22:00","closed":false},"wednesday":{"open":"10:00","close":"22:00","closed":false}}', '40.00', '50.00'),
('01292e7d-c717-4cab-bb96-3753e830d485', 'parve', 'ORB', NULL, NULL, 'Bakery', '$60-70', true, true, true, true, true, true, '{"friday":{"open":"08:00","close":"14:00","closed":false},"monday":{"open":"08:00","close":"20:00","closed":false},"sunday":{"open":"08:00","close":"20:00","closed":false},"tuesday":{"open":"08:00","close":"20:00","closed":false},"saturday":{"open":"20:00","close":"23:00","closed":false},"thursday":{"open":"08:00","close":"20:00","closed":false},"wednesday":{"open":"08:00","close":"20:00","closed":false}}', '60.00', '70.00'),
('0144096b-b91e-4c92-9a8b-1e159fabe13e', 'meat', 'ORB', NULL, NULL, 'American', '$40-50', true, true, true, true, true, false, '{"friday":{"open":"11:00","close":"15:00","closed":false},"monday":{"open":"11:00","close":"23:00","closed":false},"sunday":{"open":"11:00","close":"23:00","closed":false},"tuesday":{"open":"11:00","close":"23:00","closed":false},"saturday":{"open":"21:30","close":"00:00","closed":false},"thursday":{"open":"11:00","close":"23:00","closed":false},"wednesday":{"open":"11:00","close":"23:00","closed":false}}', '40.00', '50.00'),
('0173f84e-bfb3-425e-a42e-fe0188e82c06', 'meat', 'ORB', NULL, NULL, 'Middle Eastern', '$10-20', true, true, true, true, true, false, '{"friday":{"open":"11:00","close":"15:45","closed":false},"monday":{"open":"11:00","close":"21:45","closed":false},"sunday":{"open":"11:00","close":"21:45","closed":false},"tuesday":{"open":"11:00","close":"21:45","closed":false},"saturday":{"open":"20:00","close":"23:00","closed":false},"thursday":{"open":"11:00","close":"21:45","closed":false},"wednesday":{"open":"11:00","close":"21:45","closed":false}}', '10.00', '20.00'),
('023d9bad-f262-474e-9534-9f5e5adfc239', 'meat', 'ORB', NULL, NULL, 'Asian', '$20-30', true, true, true, true, true, false, '{"friday":{"open":"11:00","close":"15:00","closed":false},"monday":{"open":"12:00","close":"22:00","closed":false},"sunday":{"open":"12:00","close":"22:00","closed":false},"tuesday":{"open":"12:00","close":"22:00","closed":false},"saturday":{"open":"20:00","close":"23:00","closed":false},"thursday":{"open":"12:00","close":"22:00","closed":false},"wednesday":{"open":"12:00","close":"22:00","closed":false}}', '20.00', '30.00'),
('0310494c-35bf-4026-b1e5-f5424dd6fecd', 'dairy', 'ORB', NULL, NULL, 'Italian/Japanese', '$50-60', true, true, true, true, true, false, '{"friday":{"open":"11:00","close":"15:00","closed":false},"monday":{"open":"11:00","close":"20:00","closed":false},"sunday":{"open":"11:00","close":"20:00","closed":false},"tuesday":{"open":"11:00","close":"20:00","closed":false},"saturday":{"open":"20:00","close":"00:00","closed":false},"thursday":{"open":"11:00","close":"21:00","closed":false},"wednesday":{"open":"11:00","close":"20:00","closed":false}}', '50.00', '60.00'),
('d9eeb05c-88a7-48d7-840d-f6651b843b62', 'parve', 'OU', NULL, NULL, 'General', '$70-80', true, true, false, true, true, false, '{}', '70.00', '80.00'),
('f1cfc63f-7b4d-4d08-8270-5d44c02664d6', 'dairy', 'Chabad', NULL, NULL, 'General', '$60-70', true, true, false, true, true, false, '{}', '60.00', '70.00'),
('5444ae8c-b7bc-4dd2-b2fb-da5a42c70299', 'meat', 'OU', NULL, NULL, 'General', '$5-10', true, true, false, true, true, false, '{}', '5.00', '10.00');

-- Table: synagogues_normalized (5 rows)
INSERT INTO synagogues_normalized VALUES
('53cb0d46-b065-4095-b012-649de1e9f06c', 'reform', NULL, NULL, true, true, true, false, false, false, false, false, false, false, true, true, true, '{}'),
('007b3c42-faa2-4e9b-b83e-dd186e7abcd2', 'conservative', NULL, NULL, true, true, true, false, false, false, false, false, false, false, true, true, true, '{}'),
('d3113221-7a3e-4da7-8b3b-b15ebede4f02', 'chabad', NULL, NULL, true, true, true, false, false, false, false, false, false, false, true, true, true, '{}'),
('0c764f26-0d27-4e32-b512-708af6c62af3', 'orthodox', NULL, NULL, true, true, true, false, false, false, false, false, false, false, true, true, true, '{}'),
('8516d2f2-6937-42e7-95fa-9b79b320b9a5', 'orthodox', NULL, NULL, true, true, true, false, false, false, false, false, false, false, true, true, true, '{}');

-- Table: mikvahs_normalized (4 rows)
INSERT INTO mikvahs_normalized VALUES
('bc0ff8f9-bb16-44e7-93a2-ec998743d0d0', 'regular', 'orthodox', true, true, true, true, true, true, '0.00', 'USD', true, true, false, '{}'),
('20d5f929-59de-4f6f-ad57-1480e64d84d4', 'regular', 'orthodox', true, true, true, true, true, true, '0.00', 'USD', true, true, false, '{}'),
('ce9c65a3-5934-46d5-8d8d-7c2a7d67fc44', 'regular', 'orthodox', true, true, true, true, true, true, '0.00', 'USD', true, true, false, '{}'),
('c4f0d122-c959-4d1b-8d0d-831949b5a94d', 'regular', 'orthodox', true, true, true, true, true, true, '0.00', 'USD', true, true, false, '{}');

-- Table: stores_normalized (5 rows)
INSERT INTO stores_normalized VALUES
('49ac1edb-c775-4ee9-afa0-a534e17c2473', 'butcher', 'meat', 'OU', NULL, NULL, true, true, false, false, true, '{}'),
('37f8d29a-fc10-44fe-97c4-3087b2d0aa9c', 'grocery', 'meat', 'OU', NULL, NULL, true, true, false, false, true, '{}'),
('d97ab1ba-55a4-4b81-9e33-908c5f369615', 'bakery', 'parve', 'OU', NULL, NULL, true, true, false, false, true, '{}'),
('dbf12fc7-851d-4ccc-b35e-e47dfa992f9e', 'deli', 'meat', 'OU', NULL, NULL, true, true, false, false, true, '{}'),
('2ed36851-bb67-4af0-b909-25976110fe3c', 'specialty', 'meat', 'OU', NULL, NULL, true, true, false, false, true, '{}');

-- Table: events (0 rows)

-- Table: jobs (3 rows)
INSERT INTO jobs VALUES
('6d82ffb7-f944-43e2-beb7-82975c5e1b40', 'Sous Chef', 'Assist head chef in kitchen management, prepare authentic kosher meals using traditional recipes and modern techniques. Join our award-winning culinary team serving the community.', 'Jerusalem Grill', NULL, '1154d40b-605a-412a-b311-b5a355b47bcc', 'on-site', false, 'Brooklyn', 'NY', '10002', NULL, NULL, NULL, 'hourly', '25.00', '35.00', 'USD', NULL, 'full-time', NULL, '[]', '["Culinary degree or 2+ years","Kosher laws knowledge","Fast-paced","Weekends"]', NULL, NULL, NULL, NULL, NULL, NULL, NULL, NULL, false, false, false, true, false, false, '"2025-10-13T20:11:05.824Z"', NULL, 0, 0, '"2025-10-13T20:11:05.824Z"', '"2025-10-13T20:11:05.824Z"', NULL, 'salary', NULL, NULL, 'active', '"2025-10-27T20:11:05.824Z"', NULL, NULL, NULL, NULL, 'Prepare menu items, train staff, maintain standards, manage inventory, assist menu development.', '[]', true, false, NULL, NULL, '5444ae8c-b7bc-4dd2-b2fb-da5a42c70299'),
('10e64183-284c-428f-a492-3c23e92ed632', 'Store Associate', 'Provide excellent customer service in our busy kosher market. Help customers find products, maintain store appearance, handle transactions with warmth and efficiency.', 'Kosher Market', NULL, 'd559e489-ab47-466b-96a9-32564890fc52', 'on-site', false, 'Manhattan', 'NY', '10003', NULL, NULL, NULL, 'hourly', '15.00', '20.00', 'USD', NULL, 'part-time', NULL, '[]', '["High school diploma","Customer service","Friendly","Lift 30 lbs"]', NULL, NULL, NULL, NULL, NULL, NULL, NULL, NULL, false, false, false, true, false, false, '"2025-10-13T20:11:05.824Z"', NULL, 0, 0, '"2025-10-13T20:11:05.824Z"', '"2025-10-13T20:11:05.824Z"', NULL, 'salary', NULL, NULL, 'active', '"2025-10-27T20:11:05.824Z"', NULL, NULL, NULL, NULL, 'Assist customers, stock shelves, operate register, maintain cleanliness, receive deliveries.', '[]', true, false, NULL, NULL, '37f8d29a-fc10-44fe-97c4-3087b2d0aa9c'),
('1078e62c-64fc-4192-8b77-f40e99feb235', 'Restaurant Manager', 'Manage daily operations of our kosher restaurant. Oversee staff, ensure quality service, handle customer relations, and maintain high kosher standards in our community-focused establishment.', 'Kosher Bistro NYC', NULL, '98797739-966d-4d91-847a-a602d6000ec8', 'on-site', false, 'New York', 'NY', '10001', NULL, NULL, NULL, 'salary', '50000.00', '70000.00', 'USD', NULL, 'full-time', NULL, '[]', '["3+ years management","Kosher knowledge","Leadership","Food safety cert"]', NULL, NULL, NULL, NULL, NULL, NULL, NULL, NULL, false, false, false, true, false, false, '"2025-10-13T20:11:05.824Z"', NULL, 1, 0, '"2025-10-13T20:11:05.824Z"', '"2025-10-22T21:53:35.460Z"', NULL, 'salary', NULL, NULL, 'active', '"2025-10-27T20:11:05.824Z"', NULL, NULL, NULL, NULL, 'Supervise staff, manage inventory, ensure quality, handle complaints, maintain kosher compliance.', '[]', true, false, NULL, NULL, 'b2c2cd90-7d22-40bf-9ada-3becf7b42bd4');

-- Table: specials (0 rows)

-- Table: entity_services (1 rows)
INSERT INTO entity_services VALUES
('7ac86ad8-0e3c-4098-be60-317afe81f9e9', '5444ae8c-b7bc-4dd2-b2fb-da5a42c70299', 'a9c70911-3e2b-4bbc-bef6-94ccb54ee8ae', '"2025-10-13T16:39:12.669Z"');

-- Table: business_hours (133 rows)
INSERT INTO business_hours VALUES
('c9bbbb74-821f-459b-9ad6-542872b0c6bf', 'b2c2cd90-7d22-40bf-9ada-3becf7b42bd4', 'sunday', '09:00:00', '21:00:00', false, '"2025-10-12T18:52:59.447Z"', '"2025-10-12T18:52:59.447Z"'),
('0e9706ad-b246-4cc0-a9a3-ecf6228c26fc', '5444ae8c-b7bc-4dd2-b2fb-da5a42c70299', 'sunday', '09:00:00', '21:00:00', false, '"2025-10-12T18:52:59.447Z"', '"2025-10-12T18:52:59.447Z"'),
('2c3b4e58-035c-4a12-a24c-7fee2cccf514', 'f1cfc63f-7b4d-4d08-8270-5d44c02664d6', 'sunday', '09:00:00', '21:00:00', false, '"2025-10-12T18:52:59.447Z"', '"2025-10-12T18:52:59.447Z"'),
('a02f86a1-8a58-4ebc-bdf6-53eddec6db34', 'd9eeb05c-88a7-48d7-840d-f6651b843b62', 'sunday', '09:00:00', '21:00:00', false, '"2025-10-12T18:52:59.447Z"', '"2025-10-12T18:52:59.447Z"'),
('7e2cb4cb-1bed-4321-b54a-691a7ca77111', '758d1a76-089a-4a84-a244-3251f8d29efa', 'sunday', '09:00:00', '21:00:00', false, '"2025-10-12T18:52:59.447Z"', '"2025-10-12T18:52:59.447Z"'),
('88910349-67e1-4e50-be00-a11ce1ca0bee', 'b2c2cd90-7d22-40bf-9ada-3becf7b42bd4', 'monday', '09:00:00', '21:00:00', false, '"2025-10-12T18:52:59.447Z"', '"2025-10-12T18:52:59.447Z"'),
('0012b366-04b2-43dd-aaab-9472dfbdbcfd', '5444ae8c-b7bc-4dd2-b2fb-da5a42c70299', 'monday', '09:00:00', '21:00:00', false, '"2025-10-12T18:52:59.447Z"', '"2025-10-12T18:52:59.447Z"'),
('46fc30ca-e0a0-4abd-a12a-7e32d928495d', 'f1cfc63f-7b4d-4d08-8270-5d44c02664d6', 'monday', '09:00:00', '21:00:00', false, '"2025-10-12T18:52:59.447Z"', '"2025-10-12T18:52:59.447Z"'),
('3eada5f0-9e68-42ba-a3e0-d44bcbba53b3', 'd9eeb05c-88a7-48d7-840d-f6651b843b62', 'monday', '09:00:00', '21:00:00', false, '"2025-10-12T18:52:59.447Z"', '"2025-10-12T18:52:59.447Z"'),
('78c75273-3049-4370-afca-ad68dcd1cce9', '758d1a76-089a-4a84-a244-3251f8d29efa', 'monday', '09:00:00', '21:00:00', false, '"2025-10-12T18:52:59.447Z"', '"2025-10-12T18:52:59.447Z"'),
('ad767f13-f74b-4509-8636-c4f14e91fd25', 'b2c2cd90-7d22-40bf-9ada-3becf7b42bd4', 'tuesday', '09:00:00', '21:00:00', false, '"2025-10-12T18:52:59.447Z"', '"2025-10-12T18:52:59.447Z"'),
('ef49cdb7-12fe-4a57-8531-295e4b0b4572', '5444ae8c-b7bc-4dd2-b2fb-da5a42c70299', 'tuesday', '09:00:00', '21:00:00', false, '"2025-10-12T18:52:59.447Z"', '"2025-10-12T18:52:59.447Z"'),
('f17935a6-51bd-4448-a168-2adabd40f433', 'f1cfc63f-7b4d-4d08-8270-5d44c02664d6', 'tuesday', '09:00:00', '21:00:00', false, '"2025-10-12T18:52:59.447Z"', '"2025-10-12T18:52:59.447Z"'),
('f7d3716c-4728-4b4e-9d7a-6b4ecb4323b3', 'd9eeb05c-88a7-48d7-840d-f6651b843b62', 'tuesday', '09:00:00', '21:00:00', false, '"2025-10-12T18:52:59.447Z"', '"2025-10-12T18:52:59.447Z"'),
('b7c795ae-a2f0-407d-91a7-8c8eb11d02e7', '758d1a76-089a-4a84-a244-3251f8d29efa', 'tuesday', '09:00:00', '21:00:00', false, '"2025-10-12T18:52:59.447Z"', '"2025-10-12T18:52:59.447Z"'),
('f307feea-80d6-4838-8814-9069e195f936', 'b2c2cd90-7d22-40bf-9ada-3becf7b42bd4', 'wednesday', '09:00:00', '21:00:00', false, '"2025-10-12T18:52:59.447Z"', '"2025-10-12T18:52:59.447Z"'),
('a8d550b0-be90-40a5-9396-5e3dfadd498c', '5444ae8c-b7bc-4dd2-b2fb-da5a42c70299', 'wednesday', '09:00:00', '21:00:00', false, '"2025-10-12T18:52:59.447Z"', '"2025-10-12T18:52:59.447Z"'),
('de57ce66-7dc9-4e07-af3c-3b58a3b3741a', 'f1cfc63f-7b4d-4d08-8270-5d44c02664d6', 'wednesday', '09:00:00', '21:00:00', false, '"2025-10-12T18:52:59.447Z"', '"2025-10-12T18:52:59.447Z"'),
('d910adb9-e33e-4e45-b36a-c8d5b0422235', 'd9eeb05c-88a7-48d7-840d-f6651b843b62', 'wednesday', '09:00:00', '21:00:00', false, '"2025-10-12T18:52:59.447Z"', '"2025-10-12T18:52:59.447Z"'),
('56ab2776-5d4d-4712-9f75-88488d4a6acd', '758d1a76-089a-4a84-a244-3251f8d29efa', 'wednesday', '09:00:00', '21:00:00', false, '"2025-10-12T18:52:59.447Z"', '"2025-10-12T18:52:59.447Z"'),
('ddd956c3-3bf3-4836-ab31-e9d18e59bdf8', 'b2c2cd90-7d22-40bf-9ada-3becf7b42bd4', 'thursday', '09:00:00', '21:00:00', false, '"2025-10-12T18:52:59.447Z"', '"2025-10-12T18:52:59.447Z"'),
('62a3c65b-3267-46b4-9c1d-55592a470c6d', '5444ae8c-b7bc-4dd2-b2fb-da5a42c70299', 'thursday', '09:00:00', '21:00:00', false, '"2025-10-12T18:52:59.447Z"', '"2025-10-12T18:52:59.447Z"'),
('4a256dff-dcb8-41f0-890c-370a7502b952', 'f1cfc63f-7b4d-4d08-8270-5d44c02664d6', 'thursday', '09:00:00', '21:00:00', false, '"2025-10-12T18:52:59.447Z"', '"2025-10-12T18:52:59.447Z"'),
('ed0fd639-3721-4106-bec6-e226d1dd42e3', 'd9eeb05c-88a7-48d7-840d-f6651b843b62', 'thursday', '09:00:00', '21:00:00', false, '"2025-10-12T18:52:59.447Z"', '"2025-10-12T18:52:59.447Z"'),
('9dfa9f8c-bfb7-4d7c-aca7-f920d8a40be5', '758d1a76-089a-4a84-a244-3251f8d29efa', 'thursday', '09:00:00', '21:00:00', false, '"2025-10-12T18:52:59.447Z"', '"2025-10-12T18:52:59.447Z"'),
('e0e19a5c-d53d-4f37-9fb2-e41a350fa094', 'b2c2cd90-7d22-40bf-9ada-3becf7b42bd4', 'friday', '09:00:00', '15:00:00', false, '"2025-10-12T18:52:59.447Z"', '"2025-10-12T18:52:59.447Z"'),
('6ec2fbc7-d9bc-4c6f-8b5e-81ae4c504641', '5444ae8c-b7bc-4dd2-b2fb-da5a42c70299', 'friday', '09:00:00', '15:00:00', false, '"2025-10-12T18:52:59.447Z"', '"2025-10-12T18:52:59.447Z"'),
('053a4322-de86-4bb5-807e-7fb9d53879fd', 'f1cfc63f-7b4d-4d08-8270-5d44c02664d6', 'friday', '09:00:00', '15:00:00', false, '"2025-10-12T18:52:59.447Z"', '"2025-10-12T18:52:59.447Z"'),
('3f7f99a6-139f-49bd-ba5c-efaa203bcdce', 'd9eeb05c-88a7-48d7-840d-f6651b843b62', 'friday', '09:00:00', '15:00:00', false, '"2025-10-12T18:52:59.447Z"', '"2025-10-12T18:52:59.447Z"'),
('1f1e4c9c-a357-49b5-9ca9-92b781f5d92a', '758d1a76-089a-4a84-a244-3251f8d29efa', 'friday', '09:00:00', '15:00:00', false, '"2025-10-12T18:52:59.447Z"', '"2025-10-12T18:52:59.447Z"'),
('ce01c2bf-9dbb-49c7-b102-4bc338aed1c3', 'b2c2cd90-7d22-40bf-9ada-3becf7b42bd4', 'saturday', '20:00:00', '23:00:00', false, '"2025-10-12T18:52:59.447Z"', '"2025-10-12T18:52:59.447Z"'),
('f2e994c2-a876-41e0-82c0-ec40ef0b41c4', '5444ae8c-b7bc-4dd2-b2fb-da5a42c70299', 'saturday', '20:00:00', '23:00:00', false, '"2025-10-12T18:52:59.447Z"', '"2025-10-12T18:52:59.447Z"'),
('24b3635e-1aa8-40aa-bf67-b50f104b611c', 'f1cfc63f-7b4d-4d08-8270-5d44c02664d6', 'saturday', '20:00:00', '23:00:00', false, '"2025-10-12T18:52:59.447Z"', '"2025-10-12T18:52:59.447Z"'),
('6a85814b-abdd-4950-9693-0cc6ec9508d3', 'd9eeb05c-88a7-48d7-840d-f6651b843b62', 'saturday', '20:00:00', '23:00:00', false, '"2025-10-12T18:52:59.447Z"', '"2025-10-12T18:52:59.447Z"'),
('a9b95328-7371-413c-b662-8899510d63fe', '758d1a76-089a-4a84-a244-3251f8d29efa', 'saturday', '20:00:00', '23:00:00', false, '"2025-10-12T18:52:59.447Z"', '"2025-10-12T18:52:59.447Z"'),
('ac8ac84f-e5a1-44fc-a19d-9a712d48df06', '8516d2f2-6937-42e7-95fa-9b79b320b9a5', 'sunday', '08:00:00', '22:00:00', false, '"2025-10-12T18:52:59.520Z"', '"2025-10-12T18:52:59.520Z"'),
('433706a4-70a1-488f-85c0-f215a9c4a3fb', '007b3c42-faa2-4e9b-b83e-dd186e7abcd2', 'sunday', '08:00:00', '22:00:00', false, '"2025-10-12T18:52:59.520Z"', '"2025-10-12T18:52:59.520Z"'),
('750e99b1-dd8d-4efb-986b-35729ec424d5', 'd3113221-7a3e-4da7-8b3b-b15ebede4f02', 'sunday', '08:00:00', '22:00:00', false, '"2025-10-12T18:52:59.520Z"', '"2025-10-12T18:52:59.520Z"'),
('88166730-6bc8-4224-9e1f-65b4c8cd7b1c', '53cb0d46-b065-4095-b012-649de1e9f06c', 'sunday', '08:00:00', '22:00:00', false, '"2025-10-12T18:52:59.520Z"', '"2025-10-12T18:52:59.520Z"'),
('6bf440bd-3a37-4bef-ab78-d15d36883717', '0c764f26-0d27-4e32-b512-708af6c62af3', 'sunday', '08:00:00', '22:00:00', false, '"2025-10-12T18:52:59.520Z"', '"2025-10-12T18:52:59.520Z"'),
('d4f61415-845c-47da-b2a8-aeb97de8a539', '8516d2f2-6937-42e7-95fa-9b79b320b9a5', 'monday', '06:00:00', '22:00:00', false, '"2025-10-12T18:52:59.520Z"', '"2025-10-12T18:52:59.520Z"'),
('ccba14f2-3209-4f6d-a480-8662f8a55323', '007b3c42-faa2-4e9b-b83e-dd186e7abcd2', 'monday', '06:00:00', '22:00:00', false, '"2025-10-12T18:52:59.520Z"', '"2025-10-12T18:52:59.520Z"'),
('7c9abb56-d4dd-46d7-b135-22cf186b9e67', 'd3113221-7a3e-4da7-8b3b-b15ebede4f02', 'monday', '06:00:00', '22:00:00', false, '"2025-10-12T18:52:59.520Z"', '"2025-10-12T18:52:59.520Z"'),
('43c54093-e34c-460b-9270-a3864a3118b3', '53cb0d46-b065-4095-b012-649de1e9f06c', 'monday', '06:00:00', '22:00:00', false, '"2025-10-12T18:52:59.520Z"', '"2025-10-12T18:52:59.520Z"'),
('2c240114-838f-455c-97a1-ceb88cf155ea', '0c764f26-0d27-4e32-b512-708af6c62af3', 'monday', '06:00:00', '22:00:00', false, '"2025-10-12T18:52:59.520Z"', '"2025-10-12T18:52:59.520Z"'),
('ffed0342-242b-4ae3-a473-0dd7be04365a', '8516d2f2-6937-42e7-95fa-9b79b320b9a5', 'tuesday', '06:00:00', '22:00:00', false, '"2025-10-12T18:52:59.520Z"', '"2025-10-12T18:52:59.520Z"'),
('49f77e3e-1470-4022-983d-2a2d788bbd82', '007b3c42-faa2-4e9b-b83e-dd186e7abcd2', 'tuesday', '06:00:00', '22:00:00', false, '"2025-10-12T18:52:59.520Z"', '"2025-10-12T18:52:59.520Z"'),
('91836b1e-30fc-4d2d-bfbc-34e53b68e04d', 'd3113221-7a3e-4da7-8b3b-b15ebede4f02', 'tuesday', '06:00:00', '22:00:00', false, '"2025-10-12T18:52:59.520Z"', '"2025-10-12T18:52:59.520Z"'),
('11738abb-5f53-4a3d-8ddd-a745a43375bb', '53cb0d46-b065-4095-b012-649de1e9f06c', 'tuesday', '06:00:00', '22:00:00', false, '"2025-10-12T18:52:59.520Z"', '"2025-10-12T18:52:59.520Z"'),
('62298696-3d27-4383-ad11-24fdd7a9242e', '0c764f26-0d27-4e32-b512-708af6c62af3', 'tuesday', '06:00:00', '22:00:00', false, '"2025-10-12T18:52:59.520Z"', '"2025-10-12T18:52:59.520Z"'),
('f52943f0-a46e-4a0e-9b1d-273d56c242e5', '8516d2f2-6937-42e7-95fa-9b79b320b9a5', 'wednesday', '06:00:00', '22:00:00', false, '"2025-10-12T18:52:59.520Z"', '"2025-10-12T18:52:59.520Z"'),
('6ca825e6-f2eb-4d1c-bf0a-958389cc1972', '007b3c42-faa2-4e9b-b83e-dd186e7abcd2', 'wednesday', '06:00:00', '22:00:00', false, '"2025-10-12T18:52:59.520Z"', '"2025-10-12T18:52:59.520Z"'),
('2543c912-82d1-41f2-adfe-3e40d76727f1', 'd3113221-7a3e-4da7-8b3b-b15ebede4f02', 'wednesday', '06:00:00', '22:00:00', false, '"2025-10-12T18:52:59.520Z"', '"2025-10-12T18:52:59.520Z"'),
('45f1fcad-250d-4b34-926b-cb39f784e7ec', '53cb0d46-b065-4095-b012-649de1e9f06c', 'wednesday', '06:00:00', '22:00:00', false, '"2025-10-12T18:52:59.520Z"', '"2025-10-12T18:52:59.520Z"'),
('10e68e3f-3e93-458b-9125-3abd2ee4eebd', '0c764f26-0d27-4e32-b512-708af6c62af3', 'wednesday', '06:00:00', '22:00:00', false, '"2025-10-12T18:52:59.520Z"', '"2025-10-12T18:52:59.520Z"'),
('2acd16d1-5b17-41ec-bf1b-ef212d124677', '8516d2f2-6937-42e7-95fa-9b79b320b9a5', 'thursday', '06:00:00', '22:00:00', false, '"2025-10-12T18:52:59.520Z"', '"2025-10-12T18:52:59.520Z"'),
('aec4b04c-0bd0-4132-9337-12c3d109c3f7', '007b3c42-faa2-4e9b-b83e-dd186e7abcd2', 'thursday', '06:00:00', '22:00:00', false, '"2025-10-12T18:52:59.520Z"', '"2025-10-12T18:52:59.520Z"'),
('6fb673f8-3eda-47cc-a3c1-d44aaccd1e12', 'd3113221-7a3e-4da7-8b3b-b15ebede4f02', 'thursday', '06:00:00', '22:00:00', false, '"2025-10-12T18:52:59.520Z"', '"2025-10-12T18:52:59.520Z"'),
('2bbf1caa-f490-4d63-bef4-aa6af698aea6', '53cb0d46-b065-4095-b012-649de1e9f06c', 'thursday', '06:00:00', '22:00:00', false, '"2025-10-12T18:52:59.520Z"', '"2025-10-12T18:52:59.520Z"'),
('a254f47a-9cd7-49a7-8bdf-fa5611426d32', '0c764f26-0d27-4e32-b512-708af6c62af3', 'thursday', '06:00:00', '22:00:00', false, '"2025-10-12T18:52:59.520Z"', '"2025-10-12T18:52:59.520Z"'),
('07ee8ba9-6ef0-42e0-8373-488f50e70a73', '8516d2f2-6937-42e7-95fa-9b79b320b9a5', 'friday', '06:00:00', '22:00:00', false, '"2025-10-12T18:52:59.520Z"', '"2025-10-12T18:52:59.520Z"'),
('cc08c72e-52e6-4eae-ade5-c5dcbd1a5aad', '007b3c42-faa2-4e9b-b83e-dd186e7abcd2', 'friday', '06:00:00', '22:00:00', false, '"2025-10-12T18:52:59.520Z"', '"2025-10-12T18:52:59.520Z"'),
('c9b58db3-8e48-4985-8642-430041c92f15', 'd3113221-7a3e-4da7-8b3b-b15ebede4f02', 'friday', '06:00:00', '22:00:00', false, '"2025-10-12T18:52:59.520Z"', '"2025-10-12T18:52:59.520Z"'),
('d006f94f-033b-4c8c-982a-7059c4ce06f9', '53cb0d46-b065-4095-b012-649de1e9f06c', 'friday', '06:00:00', '22:00:00', false, '"2025-10-12T18:52:59.520Z"', '"2025-10-12T18:52:59.520Z"'),
('d6691d8b-5d30-4da3-a18d-49ac283257a0', '0c764f26-0d27-4e32-b512-708af6c62af3', 'friday', '06:00:00', '22:00:00', false, '"2025-10-12T18:52:59.520Z"', '"2025-10-12T18:52:59.520Z"'),
('0f3b7220-3fee-4818-bb58-9fb9a68eee3f', '8516d2f2-6937-42e7-95fa-9b79b320b9a5', 'saturday', '06:00:00', '22:00:00', false, '"2025-10-12T18:52:59.520Z"', '"2025-10-12T18:52:59.520Z"'),
('6c04e2b6-3bca-40dc-b4d1-4c5bc32d8c03', '007b3c42-faa2-4e9b-b83e-dd186e7abcd2', 'saturday', '06:00:00', '22:00:00', false, '"2025-10-12T18:52:59.520Z"', '"2025-10-12T18:52:59.520Z"'),
('b28b7c74-87f5-427a-82ad-0aa8ae20fe40', 'd3113221-7a3e-4da7-8b3b-b15ebede4f02', 'saturday', '06:00:00', '22:00:00', false, '"2025-10-12T18:52:59.520Z"', '"2025-10-12T18:52:59.520Z"'),
('b7af82c9-c322-428a-b81d-c042fae80122', '53cb0d46-b065-4095-b012-649de1e9f06c', 'saturday', '06:00:00', '22:00:00', false, '"2025-10-12T18:52:59.520Z"', '"2025-10-12T18:52:59.520Z"'),
('6562f63d-20a9-4c8e-89d0-67dd2d8752f8', '0c764f26-0d27-4e32-b512-708af6c62af3', 'saturday', '06:00:00', '22:00:00', false, '"2025-10-12T18:52:59.520Z"', '"2025-10-12T18:52:59.520Z"'),
('fd01bf0d-d02b-4015-afa0-61c9ae6583d4', 'bc0ff8f9-bb16-44e7-93a2-ec998743d0d0', 'sunday', '19:00:00', '23:00:00', false, '"2025-10-12T18:52:59.575Z"', '"2025-10-12T18:52:59.575Z"'),
('a82be35e-48b3-449a-9bc0-20d6d62fd042', '20d5f929-59de-4f6f-ad57-1480e64d84d4', 'sunday', '19:00:00', '23:00:00', false, '"2025-10-12T18:52:59.575Z"', '"2025-10-12T18:52:59.575Z"'),
('501d7f22-5e9c-4b06-ac7b-ba437674406d', 'ce9c65a3-5934-46d5-8d8d-7c2a7d67fc44', 'sunday', '19:00:00', '23:00:00', false, '"2025-10-12T18:52:59.575Z"', '"2025-10-12T18:52:59.575Z"'),
('94cd92a3-26fb-4fa5-a7cf-3cf43f3329f0', 'c4f0d122-c959-4d1b-8d0d-831949b5a94d', 'sunday', '19:00:00', '23:00:00', false, '"2025-10-12T18:52:59.575Z"', '"2025-10-12T18:52:59.575Z"'),
('fb137b17-a883-4e1c-94e1-4b5864e4c116', 'bc0ff8f9-bb16-44e7-93a2-ec998743d0d0', 'monday', '19:00:00', '23:00:00', false, '"2025-10-12T18:52:59.575Z"', '"2025-10-12T18:52:59.575Z"'),
('2a58188b-7ebb-4fae-891a-5e781b1b7111', '20d5f929-59de-4f6f-ad57-1480e64d84d4', 'monday', '19:00:00', '23:00:00', false, '"2025-10-12T18:52:59.575Z"', '"2025-10-12T18:52:59.575Z"'),
('f3304dd2-1933-4099-93b3-ba02e69427d0', 'ce9c65a3-5934-46d5-8d8d-7c2a7d67fc44', 'monday', '19:00:00', '23:00:00', false, '"2025-10-12T18:52:59.575Z"', '"2025-10-12T18:52:59.575Z"'),
('0af169ce-583e-4dd1-8d90-355a33661efa', 'c4f0d122-c959-4d1b-8d0d-831949b5a94d', 'monday', '19:00:00', '23:00:00', false, '"2025-10-12T18:52:59.575Z"', '"2025-10-12T18:52:59.575Z"'),
('9478da1e-8b40-43df-9178-7815ed8a88ff', 'bc0ff8f9-bb16-44e7-93a2-ec998743d0d0', 'tuesday', '19:00:00', '23:00:00', false, '"2025-10-12T18:52:59.575Z"', '"2025-10-12T18:52:59.575Z"'),
('6f476190-ac2d-4972-897e-89b720a7b80f', '20d5f929-59de-4f6f-ad57-1480e64d84d4', 'tuesday', '19:00:00', '23:00:00', false, '"2025-10-12T18:52:59.575Z"', '"2025-10-12T18:52:59.575Z"'),
('38746dff-53f7-45e3-9ef4-0a0823b65410', 'ce9c65a3-5934-46d5-8d8d-7c2a7d67fc44', 'tuesday', '19:00:00', '23:00:00', false, '"2025-10-12T18:52:59.575Z"', '"2025-10-12T18:52:59.575Z"'),
('55b3ffa1-2d8b-4551-8f14-86ef6ae8bbbc', 'c4f0d122-c959-4d1b-8d0d-831949b5a94d', 'tuesday', '19:00:00', '23:00:00', false, '"2025-10-12T18:52:59.575Z"', '"2025-10-12T18:52:59.575Z"'),
('b7f8e654-5e18-4a8e-a0e7-ff13e13d5a91', 'bc0ff8f9-bb16-44e7-93a2-ec998743d0d0', 'wednesday', '19:00:00', '23:00:00', false, '"2025-10-12T18:52:59.575Z"', '"2025-10-12T18:52:59.575Z"'),
('76d52783-91dc-4b62-98e8-3420912ab7b7', '20d5f929-59de-4f6f-ad57-1480e64d84d4', 'wednesday', '19:00:00', '23:00:00', false, '"2025-10-12T18:52:59.575Z"', '"2025-10-12T18:52:59.575Z"'),
('43786fdb-bc57-42e6-9d11-267929f118d2', 'ce9c65a3-5934-46d5-8d8d-7c2a7d67fc44', 'wednesday', '19:00:00', '23:00:00', false, '"2025-10-12T18:52:59.575Z"', '"2025-10-12T18:52:59.575Z"'),
('9ad743fc-8750-4b66-a20a-ba86e4406643', 'c4f0d122-c959-4d1b-8d0d-831949b5a94d', 'wednesday', '19:00:00', '23:00:00', false, '"2025-10-12T18:52:59.575Z"', '"2025-10-12T18:52:59.575Z"'),
('a6009964-a772-49bb-80f4-dbfd2ceda9f3', 'bc0ff8f9-bb16-44e7-93a2-ec998743d0d0', 'thursday', '19:00:00', '23:00:00', false, '"2025-10-12T18:52:59.575Z"', '"2025-10-12T18:52:59.575Z"'),
('9822bf27-5e2c-4dbc-9fbd-a8e6efa4ddfe', '20d5f929-59de-4f6f-ad57-1480e64d84d4', 'thursday', '19:00:00', '23:00:00', false, '"2025-10-12T18:52:59.575Z"', '"2025-10-12T18:52:59.575Z"'),
('57fc1607-f8d6-4b64-943b-781559e1ee98', 'ce9c65a3-5934-46d5-8d8d-7c2a7d67fc44', 'thursday', '19:00:00', '23:00:00', false, '"2025-10-12T18:52:59.575Z"', '"2025-10-12T18:52:59.575Z"'),
('6f50e335-0d9e-43ff-a44e-12093adb42c0', 'c4f0d122-c959-4d1b-8d0d-831949b5a94d', 'thursday', '19:00:00', '23:00:00', false, '"2025-10-12T18:52:59.575Z"', '"2025-10-12T18:52:59.575Z"'),
('097dccbd-6ab5-4dbf-a5bb-6591b83cf82a', 'bc0ff8f9-bb16-44e7-93a2-ec998743d0d0', 'friday', '19:00:00', '20:00:00', false, '"2025-10-12T18:52:59.575Z"', '"2025-10-12T18:52:59.575Z"'),
('dbaa5d66-59e5-4c94-8557-d02bbca7afdb', '20d5f929-59de-4f6f-ad57-1480e64d84d4', 'friday', '19:00:00', '20:00:00', false, '"2025-10-12T18:52:59.575Z"', '"2025-10-12T18:52:59.575Z"'),
('20aff491-e669-47c8-a539-ac6acd09816d', 'ce9c65a3-5934-46d5-8d8d-7c2a7d67fc44', 'friday', '19:00:00', '20:00:00', false, '"2025-10-12T18:52:59.575Z"', '"2025-10-12T18:52:59.575Z"'),
('c23eace1-c77d-4d17-b410-8335027cdebd', 'c4f0d122-c959-4d1b-8d0d-831949b5a94d', 'friday', '19:00:00', '20:00:00', false, '"2025-10-12T18:52:59.575Z"', '"2025-10-12T18:52:59.575Z"'),
('710cbb84-0d30-4f13-96b0-1a06dc897120', 'bc0ff8f9-bb16-44e7-93a2-ec998743d0d0', 'saturday', '20:30:00', '23:00:00', false, '"2025-10-12T18:52:59.575Z"', '"2025-10-12T18:52:59.575Z"'),
('f3b644ec-5d94-440c-b0de-492117d9d56b', '20d5f929-59de-4f6f-ad57-1480e64d84d4', 'saturday', '20:30:00', '23:00:00', false, '"2025-10-12T18:52:59.575Z"', '"2025-10-12T18:52:59.575Z"'),
('c8b9c2c6-00ab-41fb-a233-574be935cb7d', 'ce9c65a3-5934-46d5-8d8d-7c2a7d67fc44', 'saturday', '20:30:00', '23:00:00', false, '"2025-10-12T18:52:59.575Z"', '"2025-10-12T18:52:59.575Z"'),
('aa92f7cc-1898-41d3-b091-bcc71593cc70', 'c4f0d122-c959-4d1b-8d0d-831949b5a94d', 'saturday', '20:30:00', '23:00:00', false, '"2025-10-12T18:52:59.575Z"', '"2025-10-12T18:52:59.575Z"'),
('4ea29aba-2513-4a47-a33e-cb5ffaf0d645', '37f8d29a-fc10-44fe-97c4-3087b2d0aa9c', 'sunday', '08:00:00', '20:00:00', false, '"2025-10-12T18:52:59.623Z"', '"2025-10-12T18:52:59.623Z"'),
('6e4a14cc-c61c-4dde-8871-4ea967447e75', '49ac1edb-c775-4ee9-afa0-a534e17c2473', 'sunday', '08:00:00', '20:00:00', false, '"2025-10-12T18:52:59.623Z"', '"2025-10-12T18:52:59.623Z"'),
('77dd7871-c949-4bf1-88c7-8f1daf588baa', 'd97ab1ba-55a4-4b81-9e33-908c5f369615', 'sunday', '08:00:00', '20:00:00', false, '"2025-10-12T18:52:59.623Z"', '"2025-10-12T18:52:59.623Z"'),
('435070c8-4fec-421d-a85b-169597be28ec', 'dbf12fc7-851d-4ccc-b35e-e47dfa992f9e', 'sunday', '08:00:00', '20:00:00', false, '"2025-10-12T18:52:59.623Z"', '"2025-10-12T18:52:59.623Z"'),
('ed0c6dfe-1da5-46c6-924d-9da7f11ae0fe', '2ed36851-bb67-4af0-b909-25976110fe3c', 'sunday', '08:00:00', '20:00:00', false, '"2025-10-12T18:52:59.623Z"', '"2025-10-12T18:52:59.623Z"'),
('4276d1fb-c7cc-4460-89af-d0fb9db13eed', '37f8d29a-fc10-44fe-97c4-3087b2d0aa9c', 'monday', '07:00:00', '20:00:00', false, '"2025-10-12T18:52:59.623Z"', '"2025-10-12T18:52:59.623Z"'),
('c44f5f01-106d-4efd-9cf0-b02960142bc8', '49ac1edb-c775-4ee9-afa0-a534e17c2473', 'monday', '07:00:00', '20:00:00', false, '"2025-10-12T18:52:59.623Z"', '"2025-10-12T18:52:59.623Z"'),
('3e531a06-bf54-4944-88cc-cac775e317bc', 'd97ab1ba-55a4-4b81-9e33-908c5f369615', 'monday', '07:00:00', '20:00:00', false, '"2025-10-12T18:52:59.623Z"', '"2025-10-12T18:52:59.623Z"'),
('11482696-b8fc-4db2-a209-695d6199f5c1', 'dbf12fc7-851d-4ccc-b35e-e47dfa992f9e', 'monday', '07:00:00', '20:00:00', false, '"2025-10-12T18:52:59.623Z"', '"2025-10-12T18:52:59.623Z"'),
('7bfd2883-4dfb-4229-a92f-c4e8afdfe9d6', '2ed36851-bb67-4af0-b909-25976110fe3c', 'monday', '07:00:00', '20:00:00', false, '"2025-10-12T18:52:59.623Z"', '"2025-10-12T18:52:59.623Z"'),
('8957cf62-fce2-4dd2-95b8-bc8c477bd0a3', '37f8d29a-fc10-44fe-97c4-3087b2d0aa9c', 'tuesday', '07:00:00', '20:00:00', false, '"2025-10-12T18:52:59.623Z"', '"2025-10-12T18:52:59.623Z"'),
('11480ca2-18e4-4a64-9084-87e06e24a21a', '49ac1edb-c775-4ee9-afa0-a534e17c2473', 'tuesday', '07:00:00', '20:00:00', false, '"2025-10-12T18:52:59.623Z"', '"2025-10-12T18:52:59.623Z"'),
('6c2af7f3-4754-4d36-a134-9bf24931bb2d', 'd97ab1ba-55a4-4b81-9e33-908c5f369615', 'tuesday', '07:00:00', '20:00:00', false, '"2025-10-12T18:52:59.623Z"', '"2025-10-12T18:52:59.623Z"'),
('341511f8-b4f8-4b22-844e-cb675f43a77f', 'dbf12fc7-851d-4ccc-b35e-e47dfa992f9e', 'tuesday', '07:00:00', '20:00:00', false, '"2025-10-12T18:52:59.623Z"', '"2025-10-12T18:52:59.623Z"'),
('78616653-daed-4395-acf8-1761db9ed900', '2ed36851-bb67-4af0-b909-25976110fe3c', 'tuesday', '07:00:00', '20:00:00', false, '"2025-10-12T18:52:59.623Z"', '"2025-10-12T18:52:59.623Z"'),
('e9e9f20b-68d5-420b-88a2-f33998ba6505', '37f8d29a-fc10-44fe-97c4-3087b2d0aa9c', 'wednesday', '07:00:00', '20:00:00', false, '"2025-10-12T18:52:59.623Z"', '"2025-10-12T18:52:59.623Z"'),
('ac46c642-6a20-4b89-a629-b1f33378402d', '49ac1edb-c775-4ee9-afa0-a534e17c2473', 'wednesday', '07:00:00', '20:00:00', false, '"2025-10-12T18:52:59.623Z"', '"2025-10-12T18:52:59.623Z"'),
('a1744263-875e-443a-a207-8e8c0ca706e6', 'd97ab1ba-55a4-4b81-9e33-908c5f369615', 'wednesday', '07:00:00', '20:00:00', false, '"2025-10-12T18:52:59.623Z"', '"2025-10-12T18:52:59.623Z"'),
('b6700244-272f-430a-ae11-65e1bc4ff0e3', 'dbf12fc7-851d-4ccc-b35e-e47dfa992f9e', 'wednesday', '07:00:00', '20:00:00', false, '"2025-10-12T18:52:59.623Z"', '"2025-10-12T18:52:59.623Z"'),
('0c19fd8e-4b5e-47d4-9e01-f46d33409f44', '2ed36851-bb67-4af0-b909-25976110fe3c', 'wednesday', '07:00:00', '20:00:00', false, '"2025-10-12T18:52:59.623Z"', '"2025-10-12T18:52:59.623Z"'),
('0242ba51-7148-4198-bbf2-b4a82f97633a', '37f8d29a-fc10-44fe-97c4-3087b2d0aa9c', 'thursday', '07:00:00', '20:00:00', false, '"2025-10-12T18:52:59.623Z"', '"2025-10-12T18:52:59.623Z"'),
('0ccee620-2a5f-4096-ad75-ef2e6c6d8281', '49ac1edb-c775-4ee9-afa0-a534e17c2473', 'thursday', '07:00:00', '20:00:00', false, '"2025-10-12T18:52:59.623Z"', '"2025-10-12T18:52:59.623Z"'),
('ae37e2b5-746b-4a97-a543-3352a03eaf9f', 'd97ab1ba-55a4-4b81-9e33-908c5f369615', 'thursday', '07:00:00', '20:00:00', false, '"2025-10-12T18:52:59.623Z"', '"2025-10-12T18:52:59.623Z"'),
('2d248b3b-bd12-4c6c-a89b-044c85fbf61a', 'dbf12fc7-851d-4ccc-b35e-e47dfa992f9e', 'thursday', '07:00:00', '20:00:00', false, '"2025-10-12T18:52:59.623Z"', '"2025-10-12T18:52:59.623Z"'),
('e72e2bf0-5eb8-4cdb-9fc2-e5ab4a3152d4', '2ed36851-bb67-4af0-b909-25976110fe3c', 'thursday', '07:00:00', '20:00:00', false, '"2025-10-12T18:52:59.623Z"', '"2025-10-12T18:52:59.623Z"'),
('d587ae90-f172-4baa-8a02-c4504f32f4a2', '37f8d29a-fc10-44fe-97c4-3087b2d0aa9c', 'friday', '07:00:00', '15:00:00', false, '"2025-10-12T18:52:59.623Z"', '"2025-10-12T18:52:59.623Z"'),
('3e084f23-0616-482a-887a-1be89cadfba4', '49ac1edb-c775-4ee9-afa0-a534e17c2473', 'friday', '07:00:00', '15:00:00', false, '"2025-10-12T18:52:59.623Z"', '"2025-10-12T18:52:59.623Z"'),
('359cdfab-214c-4587-9060-5c1f39b7e043', 'd97ab1ba-55a4-4b81-9e33-908c5f369615', 'friday', '07:00:00', '15:00:00', false, '"2025-10-12T18:52:59.623Z"', '"2025-10-12T18:52:59.623Z"'),
('37322da8-e975-48f6-9fd0-484da2481f05', 'dbf12fc7-851d-4ccc-b35e-e47dfa992f9e', 'friday', '07:00:00', '15:00:00', false, '"2025-10-12T18:52:59.623Z"', '"2025-10-12T18:52:59.623Z"'),
('c68af6a0-09f4-4fd6-bd82-b1d4ada2ec1a', '2ed36851-bb67-4af0-b909-25976110fe3c', 'friday', '07:00:00', '15:00:00', false, '"2025-10-12T18:52:59.623Z"', '"2025-10-12T18:52:59.623Z"'),
('791e971c-ec6d-410f-bdbe-def0a36313f9', '37f8d29a-fc10-44fe-97c4-3087b2d0aa9c', 'saturday', '20:00:00', '23:00:00', false, '"2025-10-12T18:52:59.623Z"', '"2025-10-12T18:52:59.623Z"'),
('96ba9a80-c5b1-412f-9f8b-1007edb31387', '49ac1edb-c775-4ee9-afa0-a534e17c2473', 'saturday', '20:00:00', '23:00:00', false, '"2025-10-12T18:52:59.623Z"', '"2025-10-12T18:52:59.623Z"'),
('8dc5e102-9b2b-4138-9437-44c56d85b45c', 'd97ab1ba-55a4-4b81-9e33-908c5f369615', 'saturday', '20:00:00', '23:00:00', false, '"2025-10-12T18:52:59.623Z"', '"2025-10-12T18:52:59.623Z"'),
('8705915d-7002-45c7-be0f-62b7affae789', 'dbf12fc7-851d-4ccc-b35e-e47dfa992f9e', 'saturday', '20:00:00', '23:00:00', false, '"2025-10-12T18:52:59.623Z"', '"2025-10-12T18:52:59.623Z"'),
('522fc40e-b2cf-486d-815f-734b722e9f47', '2ed36851-bb67-4af0-b909-25976110fe3c', 'saturday', '20:00:00', '23:00:00', false, '"2025-10-12T18:52:59.623Z"', '"2025-10-12T18:52:59.623Z"');

-- Table: images (23 rows)
INSERT INTO images VALUES
('55d5b233-f811-49fd-b877-28783c68f007', 'b2c2cd90-7d22-40bf-9ada-3becf7b42bd4', 'https://images.unsplash.com/photo-1500929710764?w=800&h=600&fit=crop', 'Kosher Delight exterior view', true, 1, '"2025-10-12T18:52:59.859Z"'),
('3e55a15d-d5d3-4f5c-9d5c-eabe4ea8c43a', '5444ae8c-b7bc-4dd2-b2fb-da5a42c70299', 'https://images.unsplash.com/photo-1500755625736?w=800&h=600&fit=crop', 'Jerusalem Grill exterior view', true, 1, '"2025-10-12T18:52:59.859Z"'),
('9bc03885-1f27-4228-976d-975de1d609b4', 'f1cfc63f-7b4d-4d08-8270-5d44c02664d6', 'https://images.unsplash.com/photo-1500015203557?w=800&h=600&fit=crop', 'Chabad House Cafe exterior view', true, 1, '"2025-10-12T18:52:59.859Z"'),
('51ab38bc-bf37-4671-bba5-b19c081650a3', 'd9eeb05c-88a7-48d7-840d-f6651b843b62', 'https://images.unsplash.com/photo-1500177312013?w=800&h=600&fit=crop', 'Mazel Tov Bakery exterior view', true, 1, '"2025-10-12T18:52:59.859Z"'),
('3d6b298a-c8bc-4dec-b5c3-33b906783510', '758d1a76-089a-4a84-a244-3251f8d29efa', 'https://images.unsplash.com/photo-1500523868846?w=800&h=600&fit=crop', 'Sephardic Kitchen exterior view', true, 1, '"2025-10-12T18:52:59.859Z"'),
('47b68c89-7f76-4786-bd93-f74d6281cbc7', 'b2c2cd90-7d22-40bf-9ada-3becf7b42bd4', 'https://images.unsplash.com/photo-1500864250373?w=800&h=600&fit=crop', 'Kosher Delight interior dining area', false, 2, '"2025-10-12T18:52:59.915Z"'),
('5ccb8c54-9004-4efc-9fa1-47d21ebde683', '5444ae8c-b7bc-4dd2-b2fb-da5a42c70299', 'https://images.unsplash.com/photo-1500688842457?w=800&h=600&fit=crop', 'Jerusalem Grill interior dining area', false, 2, '"2025-10-12T18:52:59.915Z"'),
('54e0bf4f-c166-415c-8d18-9f1ddbd4ed0a', 'f1cfc63f-7b4d-4d08-8270-5d44c02664d6', 'https://images.unsplash.com/photo-1500980917714?w=800&h=600&fit=crop', 'Chabad House Cafe interior dining area', false, 2, '"2025-10-12T18:52:59.915Z"'),
('077acf50-182f-442f-a192-b16c02cb846f', 'd9eeb05c-88a7-48d7-840d-f6651b843b62', 'https://images.unsplash.com/photo-1500432395846?w=800&h=600&fit=crop', 'Mazel Tov Bakery interior dining area', false, 2, '"2025-10-12T18:52:59.915Z"'),
('a1f6988f-8923-457e-9720-811bb2b2ba5c', '758d1a76-089a-4a84-a244-3251f8d29efa', 'https://images.unsplash.com/photo-1500965474486?w=800&h=600&fit=crop', 'Sephardic Kitchen interior dining area', false, 2, '"2025-10-12T18:52:59.915Z"'),
('bccf02dd-2a8b-4c12-89cd-de962bac02e5', '8516d2f2-6937-42e7-95fa-9b79b320b9a5', 'https://images.unsplash.com/photo-1500952815429?w=800&h=600&fit=crop', 'Congregation Beth Israel building exterior', true, 1, '"2025-10-12T18:52:59.971Z"'),
('1cab4d0a-2c89-41cc-8f19-cc33f5fcfa2d', 'd3113221-7a3e-4da7-8b3b-b15ebede4f02', 'https://images.unsplash.com/photo-1500656098694?w=800&h=600&fit=crop', 'Chabad Lubavitch building exterior', true, 1, '"2025-10-12T18:52:59.971Z"'),
('eaa53c0f-bc06-417e-a058-3158306031f4', '007b3c42-faa2-4e9b-b83e-dd186e7abcd2', 'https://images.unsplash.com/photo-1500647802970?w=800&h=600&fit=crop', 'Temple Emanuel building exterior', true, 1, '"2025-10-12T18:52:59.971Z"'),
('810970d9-dd9e-4856-868b-316d28c7eb8f', '53cb0d46-b065-4095-b012-649de1e9f06c', 'https://images.unsplash.com/photo-1500686538430?w=800&h=600&fit=crop', 'Reform Temple Sinai building exterior', true, 1, '"2025-10-12T18:52:59.971Z"'),
('ce98a26b-e023-4150-a2ea-1dc7d1882646', '0c764f26-0d27-4e32-b512-708af6c62af3', 'https://images.unsplash.com/photo-1500108839840?w=800&h=600&fit=crop', 'Sephardic Center building exterior', true, 1, '"2025-10-12T18:52:59.971Z"'),
('109cc3e6-bced-4b1c-a12b-d5381475a482', '37f8d29a-fc10-44fe-97c4-3087b2d0aa9c', 'https://images.unsplash.com/photo-1500132379961?w=800&h=600&fit=crop', 'Kosher World Market store front', true, 1, '"2025-10-12T18:53:00.027Z"'),
('e591f729-463f-4265-95b5-0db5108e93a8', '49ac1edb-c775-4ee9-afa0-a534e17c2473', 'https://images.unsplash.com/photo-1500932495945?w=800&h=600&fit=crop', 'Glatt Kosher Butcher store front', true, 1, '"2025-10-12T18:53:00.027Z"'),
('4c106cab-a978-403b-8c6b-fe403c805b3c', '2ed36851-bb67-4af0-b909-25976110fe3c', 'https://images.unsplash.com/photo-1500928227779?w=800&h=600&fit=crop', 'Sephardic Specialty Market store front', true, 1, '"2025-10-12T18:53:00.027Z"'),
('2a9d32bc-16e1-44fe-87c0-cfc282549111', 'd97ab1ba-55a4-4b81-9e33-908c5f369615', 'https://images.unsplash.com/photo-1500216401363?w=800&h=600&fit=crop', 'Challah Corner Bakery store front', true, 1, '"2025-10-12T18:53:00.027Z"'),
('277193c1-8a6e-4935-9ecf-1c78e92e6926', 'dbf12fc7-851d-4ccc-b35e-e47dfa992f9e', 'https://images.unsplash.com/photo-1500064639807?w=800&h=600&fit=crop', 'Gourmet Kosher Deli store front', true, 1, '"2025-10-12T18:53:00.027Z"'),
('59769c1c-9b6a-47cf-9acd-89a2ff8655e1', 'b2c2cd90-7d22-40bf-9ada-3becf7b42bd4', 'https://picsum.photos/800/600?random=1', 'Kosher Delight restaurant exterior', true, 1, '"2025-10-13T16:39:13.684Z"'),
('41e06aa0-7d02-4330-829e-098828870c2b', 'b2c2cd90-7d22-40bf-9ada-3becf7b42bd4', 'https://picsum.photos/800/600?random=2', 'Kosher Delight interior dining area', false, 2, '"2025-10-13T16:39:13.733Z"'),
('0d529b16-b1a6-4b08-aa72-7095a8aee903', '5444ae8c-b7bc-4dd2-b2fb-da5a42c70299', 'https://picsum.photos/800/600?random=3', 'Jerusalem Grill restaurant front', true, 1, '"2025-10-13T16:39:13.771Z"');

-- Table: reviews (67 rows)
INSERT INTO reviews VALUES
('5d7f8a7e-9bb1-43d8-ab7f-7b84b7a5b362', 'b2c2cd90-7d22-40bf-9ada-3becf7b42bd4', '98797739-966d-4d91-847a-a602d6000ec8', 5, 'Excellent food and service!', 'The food was absolutely delicious and the service was outstanding. Highly recommend this place to anyone looking for authentic kosher cuisine.', true, false, '"2025-10-12T18:52:59.679Z"', '"2025-10-12T18:52:59.679Z"'),
('0e75c5dd-72c9-4f1e-9132-db4979999480', 'b2c2cd90-7d22-40bf-9ada-3becf7b42bd4', '98797739-966d-4d91-847a-a602d6000ec8', 4, 'Great atmosphere', 'Nice place with good food. The atmosphere is welcoming and the staff is friendly. Will definitely come back.', true, false, '"2025-10-12T18:52:59.679Z"', '"2025-10-12T18:52:59.679Z"'),
('6c768b3c-f452-44dc-b173-25d011093288', 'b2c2cd90-7d22-40bf-9ada-3becf7b42bd4', '98797739-966d-4d91-847a-a602d6000ec8', 5, 'Perfect for families', 'Great place to bring the whole family. The kids loved it and the food was fresh and tasty.', false, false, '"2025-10-12T18:52:59.679Z"', '"2025-10-12T18:52:59.679Z"'),
('a41a564e-e309-434f-b516-9871934d93c4', 'b2c2cd90-7d22-40bf-9ada-3becf7b42bd4', '98797739-966d-4d91-847a-a602d6000ec8', 4, 'Good value', 'Good quality food at reasonable prices. The portions are generous and everything tastes fresh.', true, false, '"2025-10-12T18:52:59.679Z"', '"2025-10-12T18:52:59.679Z"'),
('e1ea7670-07c0-483a-8442-3701dd100e26', 'b2c2cd90-7d22-40bf-9ada-3becf7b42bd4', '98797739-966d-4d91-847a-a602d6000ec8', 5, 'Highly recommended', 'One of the best kosher restaurants in the area. The food is consistently excellent and the service is top-notch.', true, false, '"2025-10-12T18:52:59.679Z"', '"2025-10-12T18:52:59.679Z"'),
('e98b217b-c6b6-4866-b061-f07ce69a5d21', '5444ae8c-b7bc-4dd2-b2fb-da5a42c70299', '98797739-966d-4d91-847a-a602d6000ec8', 5, 'Excellent food and service!', 'The food was absolutely delicious and the service was outstanding. Highly recommend this place to anyone looking for authentic kosher cuisine.', true, false, '"2025-10-12T18:52:59.679Z"', '"2025-10-12T18:52:59.679Z"'),
('3e669f81-cfba-4d78-b1c3-133008ce57eb', '5444ae8c-b7bc-4dd2-b2fb-da5a42c70299', '98797739-966d-4d91-847a-a602d6000ec8', 4, 'Great atmosphere', 'Nice place with good food. The atmosphere is welcoming and the staff is friendly. Will definitely come back.', true, false, '"2025-10-12T18:52:59.679Z"', '"2025-10-12T18:52:59.679Z"'),
('3b1a695c-e7db-427f-9993-3a02504f6ecb', '5444ae8c-b7bc-4dd2-b2fb-da5a42c70299', '98797739-966d-4d91-847a-a602d6000ec8', 5, 'Perfect for families', 'Great place to bring the whole family. The kids loved it and the food was fresh and tasty.', false, false, '"2025-10-12T18:52:59.679Z"', '"2025-10-12T18:52:59.679Z"'),
('26854663-d7d3-40c3-a914-c406bb27db73', '5444ae8c-b7bc-4dd2-b2fb-da5a42c70299', '98797739-966d-4d91-847a-a602d6000ec8', 4, 'Good value', 'Good quality food at reasonable prices. The portions are generous and everything tastes fresh.', true, false, '"2025-10-12T18:52:59.679Z"', '"2025-10-12T18:52:59.679Z"'),
('5e93e34e-8bc7-435f-a01e-721d2bcb4f48', '5444ae8c-b7bc-4dd2-b2fb-da5a42c70299', '98797739-966d-4d91-847a-a602d6000ec8', 5, 'Highly recommended', 'One of the best kosher restaurants in the area. The food is consistently excellent and the service is top-notch.', true, false, '"2025-10-12T18:52:59.679Z"', '"2025-10-12T18:52:59.679Z"'),
('2470e31c-7cee-47e9-8e2f-30ecf9f525f9', 'f1cfc63f-7b4d-4d08-8270-5d44c02664d6', '98797739-966d-4d91-847a-a602d6000ec8', 5, 'Excellent food and service!', 'The food was absolutely delicious and the service was outstanding. Highly recommend this place to anyone looking for authentic kosher cuisine.', true, false, '"2025-10-12T18:52:59.679Z"', '"2025-10-12T18:52:59.679Z"'),
('f7ed2797-ffb5-4c28-8852-d306f3b72908', 'f1cfc63f-7b4d-4d08-8270-5d44c02664d6', '98797739-966d-4d91-847a-a602d6000ec8', 4, 'Great atmosphere', 'Nice place with good food. The atmosphere is welcoming and the staff is friendly. Will definitely come back.', true, false, '"2025-10-12T18:52:59.679Z"', '"2025-10-12T18:52:59.679Z"'),
('f8587d0c-ab26-4bb3-8759-5a6ecb3ed8a2', 'f1cfc63f-7b4d-4d08-8270-5d44c02664d6', '98797739-966d-4d91-847a-a602d6000ec8', 5, 'Perfect for families', 'Great place to bring the whole family. The kids loved it and the food was fresh and tasty.', false, false, '"2025-10-12T18:52:59.679Z"', '"2025-10-12T18:52:59.679Z"'),
('dec53ddd-ccdb-460b-b3e8-975e2777313e', 'f1cfc63f-7b4d-4d08-8270-5d44c02664d6', '98797739-966d-4d91-847a-a602d6000ec8', 4, 'Good value', 'Good quality food at reasonable prices. The portions are generous and everything tastes fresh.', true, false, '"2025-10-12T18:52:59.679Z"', '"2025-10-12T18:52:59.679Z"'),
('573c96d5-f4f1-43b1-98c3-b37eca4ab5d3', 'f1cfc63f-7b4d-4d08-8270-5d44c02664d6', '98797739-966d-4d91-847a-a602d6000ec8', 5, 'Highly recommended', 'One of the best kosher restaurants in the area. The food is consistently excellent and the service is top-notch.', true, false, '"2025-10-12T18:52:59.679Z"', '"2025-10-12T18:52:59.679Z"'),
('5b724ed7-ed78-4721-a1df-1a40ef285484', 'd9eeb05c-88a7-48d7-840d-f6651b843b62', '98797739-966d-4d91-847a-a602d6000ec8', 5, 'Excellent food and service!', 'The food was absolutely delicious and the service was outstanding. Highly recommend this place to anyone looking for authentic kosher cuisine.', true, false, '"2025-10-12T18:52:59.679Z"', '"2025-10-12T18:52:59.679Z"'),
('df08bd2c-315d-4651-bc19-be4c27da588b', 'd9eeb05c-88a7-48d7-840d-f6651b843b62', '98797739-966d-4d91-847a-a602d6000ec8', 4, 'Great atmosphere', 'Nice place with good food. The atmosphere is welcoming and the staff is friendly. Will definitely come back.', true, false, '"2025-10-12T18:52:59.679Z"', '"2025-10-12T18:52:59.679Z"'),
('39d00d17-9f20-4394-8dfd-5e78075bfb7c', 'd9eeb05c-88a7-48d7-840d-f6651b843b62', '98797739-966d-4d91-847a-a602d6000ec8', 5, 'Perfect for families', 'Great place to bring the whole family. The kids loved it and the food was fresh and tasty.', false, false, '"2025-10-12T18:52:59.679Z"', '"2025-10-12T18:52:59.679Z"'),
('af4e37d5-98bf-4897-8607-26b824953c5a', 'd9eeb05c-88a7-48d7-840d-f6651b843b62', '98797739-966d-4d91-847a-a602d6000ec8', 4, 'Good value', 'Good quality food at reasonable prices. The portions are generous and everything tastes fresh.', true, false, '"2025-10-12T18:52:59.679Z"', '"2025-10-12T18:52:59.679Z"'),
('ab6e2b37-8b11-40bb-b822-c360673bf116', 'd9eeb05c-88a7-48d7-840d-f6651b843b62', '98797739-966d-4d91-847a-a602d6000ec8', 5, 'Highly recommended', 'One of the best kosher restaurants in the area. The food is consistently excellent and the service is top-notch.', true, false, '"2025-10-12T18:52:59.679Z"', '"2025-10-12T18:52:59.679Z"'),
('08b4e759-6498-4c17-b00c-2206fb0e7e41', '758d1a76-089a-4a84-a244-3251f8d29efa', '98797739-966d-4d91-847a-a602d6000ec8', 5, 'Excellent food and service!', 'The food was absolutely delicious and the service was outstanding. Highly recommend this place to anyone looking for authentic kosher cuisine.', true, false, '"2025-10-12T18:52:59.679Z"', '"2025-10-12T18:52:59.679Z"'),
('3d5b09d5-28d4-47cc-82e7-e7b45a97bb4b', '758d1a76-089a-4a84-a244-3251f8d29efa', '98797739-966d-4d91-847a-a602d6000ec8', 4, 'Great atmosphere', 'Nice place with good food. The atmosphere is welcoming and the staff is friendly. Will definitely come back.', true, false, '"2025-10-12T18:52:59.679Z"', '"2025-10-12T18:52:59.679Z"'),
('3c44683b-d055-4f8f-b485-d4a5f5b41744', '758d1a76-089a-4a84-a244-3251f8d29efa', '98797739-966d-4d91-847a-a602d6000ec8', 5, 'Perfect for families', 'Great place to bring the whole family. The kids loved it and the food was fresh and tasty.', false, false, '"2025-10-12T18:52:59.679Z"', '"2025-10-12T18:52:59.679Z"'),
('cef00bcc-8cdd-45b3-b0d5-31cee9ace091', '758d1a76-089a-4a84-a244-3251f8d29efa', '98797739-966d-4d91-847a-a602d6000ec8', 4, 'Good value', 'Good quality food at reasonable prices. The portions are generous and everything tastes fresh.', true, false, '"2025-10-12T18:52:59.679Z"', '"2025-10-12T18:52:59.679Z"'),
('e7e10a99-85d0-4050-8c66-0d9413d2ec23', '758d1a76-089a-4a84-a244-3251f8d29efa', '98797739-966d-4d91-847a-a602d6000ec8', 5, 'Highly recommended', 'One of the best kosher restaurants in the area. The food is consistently excellent and the service is top-notch.', true, false, '"2025-10-12T18:52:59.679Z"', '"2025-10-12T18:52:59.679Z"'),
('75782aeb-f141-4a9f-839b-640d37b8e211', '8516d2f2-6937-42e7-95fa-9b79b320b9a5', '98797739-966d-4d91-847a-a602d6000ec8', 5, 'Welcoming community', 'The community is very welcoming and the services are meaningful. Great place for families and individuals.', true, false, '"2025-10-12T18:52:59.751Z"', '"2025-10-12T18:52:59.751Z"'),
('b14184b1-e525-4c32-969f-e501e37800f4', '8516d2f2-6937-42e7-95fa-9b79b320b9a5', '98797739-966d-4d91-847a-a602d6000ec8', 4, 'Beautiful services', 'The services are conducted beautifully with meaningful prayers and good music. The rabbi gives excellent sermons.', true, false, '"2025-10-12T18:52:59.751Z"', '"2025-10-12T18:52:59.751Z"'),
('72cdf679-7578-44a9-9886-58fa22eae8ba', '8516d2f2-6937-42e7-95fa-9b79b320b9a5', '98797739-966d-4d91-847a-a602d6000ec8', 5, 'Great for families', 'Perfect place for families with children. The youth programs are excellent and the community is very supportive.', false, false, '"2025-10-12T18:52:59.751Z"', '"2025-10-12T18:52:59.751Z"'),
('5644d7f9-2b10-4b20-bd8a-dbced28a80f5', '8516d2f2-6937-42e7-95fa-9b79b320b9a5', '98797739-966d-4d91-847a-a602d6000ec8', 4, 'Good education programs', 'The educational programs are well-structured and the teachers are knowledgeable. Great place to learn and grow.', true, false, '"2025-10-12T18:52:59.751Z"', '"2025-10-12T18:52:59.751Z"'),
('9a3e2428-431f-4c80-8ffc-3ba62468e4b1', '007b3c42-faa2-4e9b-b83e-dd186e7abcd2', '98797739-966d-4d91-847a-a602d6000ec8', 5, 'Welcoming community', 'The community is very welcoming and the services are meaningful. Great place for families and individuals.', true, false, '"2025-10-12T18:52:59.751Z"', '"2025-10-12T18:52:59.751Z"'),
('965852ff-5de0-493c-8379-f5be842cc15d', '007b3c42-faa2-4e9b-b83e-dd186e7abcd2', '98797739-966d-4d91-847a-a602d6000ec8', 4, 'Beautiful services', 'The services are conducted beautifully with meaningful prayers and good music. The rabbi gives excellent sermons.', true, false, '"2025-10-12T18:52:59.751Z"', '"2025-10-12T18:52:59.751Z"'),
('1e1347a4-0078-4ff3-8b80-81fbb8947f48', '007b3c42-faa2-4e9b-b83e-dd186e7abcd2', '98797739-966d-4d91-847a-a602d6000ec8', 5, 'Great for families', 'Perfect place for families with children. The youth programs are excellent and the community is very supportive.', false, false, '"2025-10-12T18:52:59.751Z"', '"2025-10-12T18:52:59.751Z"'),
('4ede9f8f-6793-4507-a3a9-5eae05e23f4a', '007b3c42-faa2-4e9b-b83e-dd186e7abcd2', '98797739-966d-4d91-847a-a602d6000ec8', 4, 'Good education programs', 'The educational programs are well-structured and the teachers are knowledgeable. Great place to learn and grow.', true, false, '"2025-10-12T18:52:59.751Z"', '"2025-10-12T18:52:59.751Z"'),
('24bd5d2e-d471-423d-a49c-741ef804e237', 'd3113221-7a3e-4da7-8b3b-b15ebede4f02', '98797739-966d-4d91-847a-a602d6000ec8', 5, 'Welcoming community', 'The community is very welcoming and the services are meaningful. Great place for families and individuals.', true, false, '"2025-10-12T18:52:59.751Z"', '"2025-10-12T18:52:59.751Z"'),
('51c7dccc-c0d3-4ca9-91a4-45459d6b947d', 'd3113221-7a3e-4da7-8b3b-b15ebede4f02', '98797739-966d-4d91-847a-a602d6000ec8', 4, 'Beautiful services', 'The services are conducted beautifully with meaningful prayers and good music. The rabbi gives excellent sermons.', true, false, '"2025-10-12T18:52:59.751Z"', '"2025-10-12T18:52:59.751Z"'),
('86042196-b3e4-4ede-82cb-cc8b4809e97f', 'd3113221-7a3e-4da7-8b3b-b15ebede4f02', '98797739-966d-4d91-847a-a602d6000ec8', 5, 'Great for families', 'Perfect place for families with children. The youth programs are excellent and the community is very supportive.', false, false, '"2025-10-12T18:52:59.751Z"', '"2025-10-12T18:52:59.751Z"'),
('13df8bb0-624c-470c-b307-1c594476b679', 'd3113221-7a3e-4da7-8b3b-b15ebede4f02', '98797739-966d-4d91-847a-a602d6000ec8', 4, 'Good education programs', 'The educational programs are well-structured and the teachers are knowledgeable. Great place to learn and grow.', true, false, '"2025-10-12T18:52:59.751Z"', '"2025-10-12T18:52:59.751Z"'),
('3778b029-8827-4046-8eaa-b329c32bdfa6', '53cb0d46-b065-4095-b012-649de1e9f06c', '98797739-966d-4d91-847a-a602d6000ec8', 5, 'Welcoming community', 'The community is very welcoming and the services are meaningful. Great place for families and individuals.', true, false, '"2025-10-12T18:52:59.751Z"', '"2025-10-12T18:52:59.751Z"'),
('fd67e23c-d9b4-4baa-862c-44d258808866', '53cb0d46-b065-4095-b012-649de1e9f06c', '98797739-966d-4d91-847a-a602d6000ec8', 4, 'Beautiful services', 'The services are conducted beautifully with meaningful prayers and good music. The rabbi gives excellent sermons.', true, false, '"2025-10-12T18:52:59.751Z"', '"2025-10-12T18:52:59.751Z"'),
('2188a556-30a6-4640-ac36-2abeeff4484b', '53cb0d46-b065-4095-b012-649de1e9f06c', '98797739-966d-4d91-847a-a602d6000ec8', 5, 'Great for families', 'Perfect place for families with children. The youth programs are excellent and the community is very supportive.', false, false, '"2025-10-12T18:52:59.751Z"', '"2025-10-12T18:52:59.751Z"'),
('10f8c803-acca-4142-9b9c-83c3e33333dd', '53cb0d46-b065-4095-b012-649de1e9f06c', '98797739-966d-4d91-847a-a602d6000ec8', 4, 'Good education programs', 'The educational programs are well-structured and the teachers are knowledgeable. Great place to learn and grow.', true, false, '"2025-10-12T18:52:59.751Z"', '"2025-10-12T18:52:59.751Z"'),
('6c3da6e2-7b58-4ee2-8a04-210a221953dc', '0c764f26-0d27-4e32-b512-708af6c62af3', '98797739-966d-4d91-847a-a602d6000ec8', 5, 'Welcoming community', 'The community is very welcoming and the services are meaningful. Great place for families and individuals.', true, false, '"2025-10-12T18:52:59.751Z"', '"2025-10-12T18:52:59.751Z"'),
('ee69e08b-7166-427c-94a6-846a9730b125', '0c764f26-0d27-4e32-b512-708af6c62af3', '98797739-966d-4d91-847a-a602d6000ec8', 4, 'Beautiful services', 'The services are conducted beautifully with meaningful prayers and good music. The rabbi gives excellent sermons.', true, false, '"2025-10-12T18:52:59.751Z"', '"2025-10-12T18:52:59.751Z"'),
('b3aaae4c-71ed-4a2b-90ce-337819b20eb8', '0c764f26-0d27-4e32-b512-708af6c62af3', '98797739-966d-4d91-847a-a602d6000ec8', 5, 'Great for families', 'Perfect place for families with children. The youth programs are excellent and the community is very supportive.', false, false, '"2025-10-12T18:52:59.751Z"', '"2025-10-12T18:52:59.751Z"'),
('3f92f861-2601-4cc4-817f-30ba69dc36e5', '0c764f26-0d27-4e32-b512-708af6c62af3', '98797739-966d-4d91-847a-a602d6000ec8', 4, 'Good education programs', 'The educational programs are well-structured and the teachers are knowledgeable. Great place to learn and grow.', true, false, '"2025-10-12T18:52:59.751Z"', '"2025-10-12T18:52:59.751Z"'),
('630c929d-a4e9-411b-8aa2-f9890cb13ed4', '37f8d29a-fc10-44fe-97c4-3087b2d0aa9c', '98797739-966d-4d91-847a-a602d6000ec8', 5, 'Fresh and high quality', 'The products are always fresh and of high quality. The staff is knowledgeable about kosher requirements.', true, false, '"2025-10-12T18:52:59.807Z"', '"2025-10-12T18:52:59.807Z"'),
('643b849e-32d2-44af-b588-e3a5e2aa7bd1', '37f8d29a-fc10-44fe-97c4-3087b2d0aa9c', '98797739-966d-4d91-847a-a602d6000ec8', 4, 'Good selection', 'Good selection of kosher products. Sometimes the prices are a bit high but the quality makes it worth it.', true, false, '"2025-10-12T18:52:59.807Z"', '"2025-10-12T18:52:59.807Z"'),
('88a2ef29-01bb-406b-a3df-248926e9e8bf', '37f8d29a-fc10-44fe-97c4-3087b2d0aa9c', '98797739-966d-4d91-847a-a602d6000ec8', 5, 'Excellent service', 'The staff is very helpful and knowledgeable. They can answer any questions about kosher products.', false, false, '"2025-10-12T18:52:59.807Z"', '"2025-10-12T18:52:59.807Z"'),
('8c882805-45d8-4d9c-83ff-d7085cbadfbc', '37f8d29a-fc10-44fe-97c4-3087b2d0aa9c', '98797739-966d-4d91-847a-a602d6000ec8', 4, 'Convenient location', 'Convenient location with good parking. The store is clean and well-organized.', true, false, '"2025-10-12T18:52:59.807Z"', '"2025-10-12T18:52:59.807Z"'),
('0ad560c1-52a6-428d-a869-24336be8d348', '49ac1edb-c775-4ee9-afa0-a534e17c2473', '98797739-966d-4d91-847a-a602d6000ec8', 5, 'Fresh and high quality', 'The products are always fresh and of high quality. The staff is knowledgeable about kosher requirements.', true, false, '"2025-10-12T18:52:59.807Z"', '"2025-10-12T18:52:59.807Z"'),
('a31cfae8-5709-40c3-88ba-c5decc307f2b', '49ac1edb-c775-4ee9-afa0-a534e17c2473', '98797739-966d-4d91-847a-a602d6000ec8', 4, 'Good selection', 'Good selection of kosher products. Sometimes the prices are a bit high but the quality makes it worth it.', true, false, '"2025-10-12T18:52:59.807Z"', '"2025-10-12T18:52:59.807Z"'),
('da7c6f2e-7dc3-4df2-81fc-41313ae2f26c', '49ac1edb-c775-4ee9-afa0-a534e17c2473', '98797739-966d-4d91-847a-a602d6000ec8', 5, 'Excellent service', 'The staff is very helpful and knowledgeable. They can answer any questions about kosher products.', false, false, '"2025-10-12T18:52:59.807Z"', '"2025-10-12T18:52:59.807Z"'),
('cc712b14-760e-4a7a-8eb2-928b1d8400f6', '49ac1edb-c775-4ee9-afa0-a534e17c2473', '98797739-966d-4d91-847a-a602d6000ec8', 4, 'Convenient location', 'Convenient location with good parking. The store is clean and well-organized.', true, false, '"2025-10-12T18:52:59.807Z"', '"2025-10-12T18:52:59.807Z"'),
('252c1fd8-4b15-4272-b04f-a3b0bbba771f', 'd97ab1ba-55a4-4b81-9e33-908c5f369615', '98797739-966d-4d91-847a-a602d6000ec8', 5, 'Fresh and high quality', 'The products are always fresh and of high quality. The staff is knowledgeable about kosher requirements.', true, false, '"2025-10-12T18:52:59.807Z"', '"2025-10-12T18:52:59.807Z"'),
('91c4231e-7570-4c89-849a-79209e0f03b4', 'd97ab1ba-55a4-4b81-9e33-908c5f369615', '98797739-966d-4d91-847a-a602d6000ec8', 4, 'Good selection', 'Good selection of kosher products. Sometimes the prices are a bit high but the quality makes it worth it.', true, false, '"2025-10-12T18:52:59.807Z"', '"2025-10-12T18:52:59.807Z"'),
('b0054ed7-1c32-49f2-9c2e-460893f7f964', 'd97ab1ba-55a4-4b81-9e33-908c5f369615', '98797739-966d-4d91-847a-a602d6000ec8', 5, 'Excellent service', 'The staff is very helpful and knowledgeable. They can answer any questions about kosher products.', false, false, '"2025-10-12T18:52:59.807Z"', '"2025-10-12T18:52:59.807Z"'),
('c78dec7d-30d1-4705-97ba-2d88e2816606', 'd97ab1ba-55a4-4b81-9e33-908c5f369615', '98797739-966d-4d91-847a-a602d6000ec8', 4, 'Convenient location', 'Convenient location with good parking. The store is clean and well-organized.', true, false, '"2025-10-12T18:52:59.807Z"', '"2025-10-12T18:52:59.807Z"'),
('b6d0a904-2a2e-453f-8762-d2dac05db0a2', 'dbf12fc7-851d-4ccc-b35e-e47dfa992f9e', '98797739-966d-4d91-847a-a602d6000ec8', 5, 'Fresh and high quality', 'The products are always fresh and of high quality. The staff is knowledgeable about kosher requirements.', true, false, '"2025-10-12T18:52:59.807Z"', '"2025-10-12T18:52:59.807Z"'),
('a7c6eaeb-ad0d-423f-b7b4-f420071878dd', 'dbf12fc7-851d-4ccc-b35e-e47dfa992f9e', '98797739-966d-4d91-847a-a602d6000ec8', 4, 'Good selection', 'Good selection of kosher products. Sometimes the prices are a bit high but the quality makes it worth it.', true, false, '"2025-10-12T18:52:59.807Z"', '"2025-10-12T18:52:59.807Z"'),
('fd492baf-64fb-4ae0-ac21-ea2a586c96d4', 'dbf12fc7-851d-4ccc-b35e-e47dfa992f9e', '98797739-966d-4d91-847a-a602d6000ec8', 5, 'Excellent service', 'The staff is very helpful and knowledgeable. They can answer any questions about kosher products.', false, false, '"2025-10-12T18:52:59.807Z"', '"2025-10-12T18:52:59.807Z"'),
('444db204-2571-48e3-9a8c-8ae2f3b750a2', 'dbf12fc7-851d-4ccc-b35e-e47dfa992f9e', '98797739-966d-4d91-847a-a602d6000ec8', 4, 'Convenient location', 'Convenient location with good parking. The store is clean and well-organized.', true, false, '"2025-10-12T18:52:59.807Z"', '"2025-10-12T18:52:59.807Z"'),
('7297455d-0646-4c69-a209-69a53fb937b4', '2ed36851-bb67-4af0-b909-25976110fe3c', '98797739-966d-4d91-847a-a602d6000ec8', 5, 'Fresh and high quality', 'The products are always fresh and of high quality. The staff is knowledgeable about kosher requirements.', true, false, '"2025-10-12T18:52:59.807Z"', '"2025-10-12T18:52:59.807Z"'),
('ef227f1f-02d2-47ea-b2d3-1646c3af9771', '2ed36851-bb67-4af0-b909-25976110fe3c', '98797739-966d-4d91-847a-a602d6000ec8', 4, 'Good selection', 'Good selection of kosher products. Sometimes the prices are a bit high but the quality makes it worth it.', true, false, '"2025-10-12T18:52:59.807Z"', '"2025-10-12T18:52:59.807Z"'),
('48fc6e41-1f39-41f2-9bc1-b240672ca3f2', '2ed36851-bb67-4af0-b909-25976110fe3c', '98797739-966d-4d91-847a-a602d6000ec8', 5, 'Excellent service', 'The staff is very helpful and knowledgeable. They can answer any questions about kosher products.', false, false, '"2025-10-12T18:52:59.807Z"', '"2025-10-12T18:52:59.807Z"'),
('dda0a595-b21b-42a8-913d-ae1377b64fc4', '2ed36851-bb67-4af0-b909-25976110fe3c', '98797739-966d-4d91-847a-a602d6000ec8', 4, 'Convenient location', 'Convenient location with good parking. The store is clean and well-organized.', true, false, '"2025-10-12T18:52:59.807Z"', '"2025-10-12T18:52:59.807Z"'),
('22e67b0c-a197-41ad-846e-9d62cd1f5cfc', 'b2c2cd90-7d22-40bf-9ada-3becf7b42bd4', '0705bd8e-1c38-47ee-9150-cf3d4ac74d83', 5, 'Excellent kosher deli!', 'The food here is absolutely amazing. The pastrami sandwich was perfect and the service was friendly. Highly recommend!', true, false, '"2025-10-13T16:39:13.565Z"', '"2025-10-13T16:39:13.565Z"'),
('28f9a219-67a6-41f1-9283-4cbe938fb527', '5444ae8c-b7bc-4dd2-b2fb-da5a42c70299', '3bb8e54c-ea57-4775-89b9-5acb7bc43492', 4, 'Great Mediterranean food', 'The hummus and falafel were delicious. The atmosphere is nice and the staff is helpful. Will definitely come back.', true, false, '"2025-10-13T16:39:13.646Z"', '"2025-10-13T16:39:13.646Z"');
